-- MySQL dump 10.13  Distrib 8.0.23, for Win64 (x86_64)
--
-- Host: localhost    Database: vk
-- ------------------------------------------------------
-- Server version	8.0.23

/*!40101 SET @OLD_CHARACTER_SET_CLIENT=@@CHARACTER_SET_CLIENT */;
/*!40101 SET @OLD_CHARACTER_SET_RESULTS=@@CHARACTER_SET_RESULTS */;
/*!40101 SET @OLD_COLLATION_CONNECTION=@@COLLATION_CONNECTION */;
/*!50503 SET NAMES utf8mb4 */;
/*!40103 SET @OLD_TIME_ZONE=@@TIME_ZONE */;
/*!40103 SET TIME_ZONE='+00:00' */;
/*!40014 SET @OLD_UNIQUE_CHECKS=@@UNIQUE_CHECKS, UNIQUE_CHECKS=0 */;
/*!40014 SET @OLD_FOREIGN_KEY_CHECKS=@@FOREIGN_KEY_CHECKS, FOREIGN_KEY_CHECKS=0 */;
/*!40101 SET @OLD_SQL_MODE=@@SQL_MODE, SQL_MODE='NO_AUTO_VALUE_ON_ZERO' */;
/*!40111 SET @OLD_SQL_NOTES=@@SQL_NOTES, SQL_NOTES=0 */;

--
-- Table structure for table `communities`
--

DROP TABLE IF EXISTS `communities`;
/*!40101 SET @saved_cs_client     = @@character_set_client */;
/*!50503 SET character_set_client = utf8mb4 */;
CREATE TABLE `communities` (
  `id` int unsigned NOT NULL AUTO_INCREMENT COMMENT 'ðÿð┤ðÁð¢Ðéð©Ðäð©ð║ð░Ðéð¥ÐÇ ÐüÐÇð¥ð║ð©',
  `name` varchar(150) CHARACTER SET utf8mb4 COLLATE utf8mb4_unicode_ci NOT NULL COMMENT 'ðØð░ðÀð▓ð░ð¢ð©ðÁ ð│ÐÇÐâð┐ð┐Ðï',
  `created_at` datetime DEFAULT CURRENT_TIMESTAMP COMMENT 'ðÆÐÇðÁð╝ÐÅ Ðüð¥ðÀð┤ð░ð¢ð©ÐÅ ÐüÐéÐÇð¥ð║ð©',
  `updated_at` datetime DEFAULT CURRENT_TIMESTAMP ON UPDATE CURRENT_TIMESTAMP COMMENT 'ðÆÐÇðÁð╝ÐÅ ð¥ð▒ð¢ð¥ð▓ð╗ðÁð¢ð©ÐÅ ÐüÐéÐÇð¥ð║ð©',
  PRIMARY KEY (`id`),
  UNIQUE KEY `name` (`name`)
) ENGINE=InnoDB AUTO_INCREMENT=41 DEFAULT CHARSET=utf8mb4 COLLATE=utf8mb4_unicode_ci COMMENT='ðôÐÇÐâð┐ð┐Ðï';
/*!40101 SET character_set_client = @saved_cs_client */;

--
-- Dumping data for table `communities`
--

LOCK TABLES `communities` WRITE;
/*!40000 ALTER TABLE `communities` DISABLE KEYS */;
INSERT INTO `communities` VALUES (1,'Temporibus ut aut deserunt et culpa natus vel voluptatum.','2016-07-10 05:22:56','2013-02-20 23:00:00'),(2,'Totam sit cum enim nostrum explicabo quasi.','1995-04-27 23:33:11','2020-08-23 18:12:15'),(3,'Omnis dolorem sed eum nostrum qui voluptas ex.','2002-01-12 02:01:17','2016-02-03 19:40:41'),(4,'Libero assumenda accusamus sunt vero.','1990-04-14 13:21:37','2011-11-01 00:46:09'),(5,'Recusandae enim aut laudantium tempore quis ullam praesentium.','1950-07-10 19:25:25','2018-06-27 06:00:28'),(6,'Voluptatibus id ab accusamus consequatur.','1972-01-14 08:21:44','2020-09-18 14:43:24'),(7,'Vel ut quia qui.','1975-06-09 08:06:48','2020-11-07 08:42:41'),(8,'Laborum veniam eveniet molestiae sed qui tempora.','1942-08-15 02:30:51','2019-07-23 13:56:59'),(9,'Voluptatum in alias voluptatum in.','1992-04-09 00:54:15','2020-03-09 01:15:39'),(10,'Autem aut odio et atque velit modi.','1987-07-12 21:59:10','2021-01-08 13:03:36'),(11,'Inventore consectetur nobis ut voluptatem vel est.','1948-05-25 20:17:04','2016-10-04 10:00:45'),(12,'Quo aspernatur exercitationem beatae illo.','2019-05-01 12:16:11','2014-05-22 02:14:54'),(13,'Quis occaecati ut autem sint voluptatem voluptate.','2004-02-12 14:50:25','2020-06-17 18:44:21'),(14,'Voluptatem sed eos sint architecto ea.','1976-04-30 23:21:20','2017-02-15 23:32:35'),(15,'Sit cumque soluta aliquid est numquam minima ducimus.','1968-02-09 23:23:15','2015-11-13 16:27:40'),(16,'Maiores rem cum non voluptatem et rem optio.','1978-01-04 20:17:50','2015-08-03 02:16:38'),(17,'Dolor aut est nisi qui ea corporis sapiente provident.','1986-09-22 12:58:47','2018-02-18 11:46:48'),(18,'Accusamus beatae beatae mollitia eveniet repudiandae sed non officiis.','1958-09-29 00:35:23','2011-05-11 10:27:50'),(19,'Qui beatae sunt aut sit odit rerum.','2009-09-21 07:59:31','2020-07-12 15:36:46'),(20,'Hic magni tenetur dolorem corporis tempora.','1982-04-03 07:34:27','2014-03-10 19:22:18'),(21,'Saepe dolore quod ut ducimus quas.','1921-03-08 06:49:42','2011-03-12 18:23:35'),(22,'Illo aliquid et adipisci.','1977-08-04 18:30:23','2020-06-29 02:46:11'),(23,'Qui ipsa amet recusandae aliquid quos dolore vitae.','1975-06-08 01:51:37','2014-08-10 01:21:44'),(24,'Tenetur similique aliquid molestiae et quia et assumenda.','1984-03-17 18:55:53','2013-10-30 14:40:47'),(25,'Saepe doloribus consequatur placeat enim recusandae ipsum in est.','1967-05-09 03:33:48','2015-08-22 00:54:24'),(26,'Qui qui possimus et in soluta vel.','1986-01-27 04:09:05','2019-01-27 14:25:01'),(27,'Possimus expedita accusamus dolorum impedit tenetur dolores.','2014-10-21 02:43:10','2015-10-30 08:29:17'),(28,'At impedit asperiores in cum.','1989-04-16 11:32:22','2020-04-08 23:44:31'),(29,'Officiis ut vitae est eligendi.','1955-05-30 16:38:48','2020-04-09 13:09:41'),(30,'Ut id aut porro cumque.','1949-11-29 21:00:51','2015-06-30 02:36:00'),(31,'Magni magnam et voluptas culpa repellendus quae.','2020-01-21 05:57:10','2016-07-06 03:37:26'),(32,'Autem est sed aliquam.','1980-06-01 16:53:20','2015-03-06 17:26:49'),(33,'Aut doloremque quis dolorum id totam et voluptas.','1994-04-01 17:38:46','2013-09-05 03:59:38'),(34,'Voluptatum ut exercitationem sapiente pariatur voluptatem hic.','1972-01-01 05:07:01','2019-12-26 00:18:25'),(35,'Nihil quam ex commodi.','1990-04-27 17:09:27','2016-01-29 15:19:25'),(36,'Sed velit consequuntur explicabo aspernatur voluptates.','1972-11-26 10:20:45','2011-09-10 12:15:24'),(37,'Rerum officia accusamus rerum ut aut.','2009-02-02 14:26:14','2015-02-17 06:12:05'),(38,'Sunt animi esse ipsam dolorem.','1932-12-15 10:32:30','2016-01-19 23:01:15'),(39,'Porro maxime quia hic doloremque perferendis.','2005-08-28 01:54:41','2015-12-16 07:57:40'),(40,'Voluptatibus ut sed reprehenderit nemo.','1978-06-03 21:46:16','2013-03-15 10:37:53');
/*!40000 ALTER TABLE `communities` ENABLE KEYS */;
UNLOCK TABLES;

--
-- Table structure for table `communities_users`
--

DROP TABLE IF EXISTS `communities_users`;
/*!40101 SET @saved_cs_client     = @@character_set_client */;
/*!50503 SET character_set_client = utf8mb4 */;
CREATE TABLE `communities_users` (
  `community_id` int unsigned NOT NULL COMMENT 'ðíÐüÐïð╗ð║ð░ ð¢ð░ ð│ÐÇÐâð┐ð┐Ðâ',
  `user_id` int unsigned NOT NULL COMMENT 'ðíÐüÐïð╗ð║ð░ ð¢ð░ ð┐ð¥ð╗ÐîðÀð¥ð▓ð░ÐéðÁð╗ÐÅ',
  `created_at` datetime DEFAULT CURRENT_TIMESTAMP COMMENT 'ðÆÐÇðÁð╝ÐÅ Ðüð¥ðÀð┤ð░ð¢ð©ÐÅ ÐüÐéÐÇð¥ð║ð©',
  PRIMARY KEY (`community_id`,`user_id`) COMMENT 'ðíð¥ÐüÐéð░ð▓ð¢ð¥ð╣ ð┐ðÁÐÇð▓ð©Ðçð¢Ðïð╣ ð║ð╗ÐÄÐç'
) ENGINE=InnoDB DEFAULT CHARSET=utf8mb4 COLLATE=utf8mb4_unicode_ci COMMENT='ðúÐçð░ÐüÐéð¢ð©ð║ð© ð│ÐÇÐâð┐ð┐, Ðüð▓ÐÅðÀÐî ð╝ðÁðÂð┤Ðâ ð┐ð¥ð╗ÐîðÀð¥ð▓ð░ÐéðÁð╗ÐÅð╝ð© ð© ð│ÐÇÐâð┐ð┐ð░ð╝ð©';
/*!40101 SET character_set_client = @saved_cs_client */;

--
-- Dumping data for table `communities_users`
--

LOCK TABLES `communities_users` WRITE;
/*!40000 ALTER TABLE `communities_users` DISABLE KEYS */;
INSERT INTO `communities_users` VALUES (1,33,'1969-10-04 05:25:31'),(1,56,'1993-10-25 20:01:57'),(2,10,'1958-07-03 01:19:14'),(2,35,'1939-09-21 02:28:15'),(3,33,'2002-06-28 04:26:12'),(3,81,'1981-03-18 07:36:28'),(3,91,'1994-06-15 22:13:13'),(4,44,'1965-09-27 09:37:09'),(5,8,'1944-08-12 20:31:08'),(5,44,'1978-04-12 04:45:42'),(5,62,'1968-04-02 07:26:45'),(5,81,'1972-02-09 14:18:38'),(6,17,'1921-07-06 04:12:15'),(6,18,'1985-01-20 04:06:13'),(6,31,'2013-03-04 01:39:29'),(6,43,'1957-06-15 17:36:05'),(6,77,'1961-01-02 01:13:00'),(6,94,'2003-11-26 19:15:35'),(7,7,'1950-07-25 10:10:25'),(7,86,'1976-08-15 11:10:39'),(7,97,'2011-09-22 22:42:42'),(8,70,'1966-12-03 09:07:35'),(9,27,'1972-06-22 16:48:36'),(9,35,'1953-08-01 12:13:12'),(9,100,'1956-11-12 19:58:45'),(10,12,'1953-07-27 08:46:45'),(10,53,'1979-10-01 13:35:51'),(10,91,'1980-02-06 12:17:33'),(10,95,'1932-10-08 12:49:29'),(11,90,'1934-10-06 20:11:03'),(11,93,'1976-04-23 04:22:27'),(12,19,'1995-06-06 15:18:13'),(12,29,'1996-09-18 05:51:25'),(13,51,'2007-08-21 08:08:24'),(13,90,'1966-06-15 19:45:27'),(13,99,'1949-11-11 03:31:29'),(15,14,'1974-02-19 10:23:36'),(15,54,'1924-03-06 17:18:21'),(15,63,'2018-12-14 02:04:12'),(15,82,'1932-10-19 17:58:55'),(16,7,'2005-12-03 23:43:41'),(16,17,'1965-09-02 17:18:10'),(16,95,'1926-03-25 08:34:02'),(18,38,'1959-07-29 15:03:26'),(18,76,'1960-08-01 08:27:13'),(19,9,'1989-06-03 19:14:54'),(19,11,'1947-12-20 07:02:19'),(19,30,'1982-04-03 22:25:05'),(19,67,'1961-02-20 17:55:24'),(19,78,'1964-07-12 05:53:33'),(19,80,'2012-12-03 01:14:43'),(19,85,'1987-04-30 20:17:45'),(19,92,'1974-10-01 10:52:04'),(20,10,'1983-11-03 16:04:10'),(20,44,'2007-02-13 00:36:53'),(21,74,'1974-07-21 12:53:00'),(22,79,'1970-08-13 06:17:48'),(23,55,'1966-04-29 10:51:59'),(24,14,'1960-01-05 05:21:51'),(24,22,'1973-11-24 23:12:56'),(24,25,'1977-08-25 01:42:00'),(24,69,'1967-11-30 21:30:39'),(25,47,'1925-06-07 01:38:48'),(25,48,'1955-07-28 21:18:22'),(26,100,'1939-06-29 04:14:46'),(27,41,'1979-09-06 18:16:54'),(27,50,'1935-06-18 14:01:33'),(27,64,'1977-11-13 19:37:16'),(27,69,'2010-11-13 22:35:48'),(27,76,'1942-07-26 00:21:36'),(29,23,'1982-04-02 20:18:08'),(29,73,'1963-06-08 04:53:39'),(30,44,'1976-12-12 15:09:28'),(30,93,'1944-05-05 19:03:01'),(31,4,'1961-03-07 06:44:42'),(31,40,'2003-03-29 03:02:04'),(31,44,'2007-05-21 12:57:59'),(33,73,'1984-08-03 20:16:20'),(34,10,'2015-11-19 19:30:21'),(34,46,'1982-12-28 17:59:49'),(35,10,'1926-10-21 13:49:51'),(35,33,'1952-07-07 11:28:16'),(35,40,'1994-12-26 07:00:33'),(35,41,'1966-05-04 03:29:57'),(35,55,'1990-04-05 15:36:37'),(36,11,'1942-04-30 12:35:18'),(36,16,'1981-07-17 06:01:17'),(36,90,'1964-12-26 01:54:15'),(37,35,'2003-07-19 10:58:40'),(37,87,'1933-09-08 11:16:00'),(38,8,'1969-05-22 14:08:12'),(38,13,'2019-01-17 10:44:59'),(38,65,'1956-05-30 23:03:06'),(40,72,'1976-05-12 05:33:08');
/*!40000 ALTER TABLE `communities_users` ENABLE KEYS */;
UNLOCK TABLES;

--
-- Table structure for table `friendship`
--

DROP TABLE IF EXISTS `friendship`;
/*!40101 SET @saved_cs_client     = @@character_set_client */;
/*!50503 SET character_set_client = utf8mb4 */;
CREATE TABLE `friendship` (
  `user_id` int unsigned NOT NULL COMMENT 'ðíÐüÐïð╗ð║ð░ ð¢ð░ ð©ð¢ð©Ðåð©ð░Ðéð¥ÐÇð░ ð┤ÐÇÐâðÂðÁÐüð║ð©Ðà ð¥Ðéð¢ð¥ÐêðÁð¢ð©ð╣',
  `friend_id` int unsigned NOT NULL COMMENT 'ðíÐüÐïð╗ð║ð░ ð¢ð░ ð┐ð¥ð╗ÐâÐçð░ÐéðÁð╗ÐÅ ð┐ÐÇð©ð│ð╗ð░ÐêðÁð¢ð©ÐÅ ð┤ÐÇÐâðÂð©ÐéÐî',
  `friendship_status_id` int unsigned NOT NULL COMMENT 'ðíÐüÐïð╗ð║ð░ ð¢ð░ ÐüÐéð░ÐéÐâÐü (ÐéðÁð║ÐâÐëðÁðÁ Ðüð¥ÐüÐéð¥ÐÅð¢ð©ðÁ) ð¥Ðéð¢ð¥ÐêðÁð¢ð©ð╣',
  `requested_at` datetime DEFAULT CURRENT_TIMESTAMP COMMENT 'ðÆÐÇðÁð╝ÐÅ ð¥Ðéð┐ÐÇð░ð▓ð╗ðÁð¢ð©ÐÅ ð┐ÐÇð©ð│ð╗ð░ÐêðÁð¢ð©ÐÅ ð┤ÐÇÐâðÂð©ÐéÐî',
  `confirmed_at` datetime DEFAULT NULL COMMENT 'ðÆÐÇðÁð╝ÐÅ ð┐ð¥ð┤Ðéð▓ðÁÐÇðÂð┤ðÁð¢ð©ÐÅ ð┐ÐÇð©ð│ð╗ð░ÐêðÁð¢ð©ÐÅ',
  `created_at` datetime DEFAULT CURRENT_TIMESTAMP COMMENT 'ðÆÐÇðÁð╝ÐÅ Ðüð¥ðÀð┤ð░ð¢ð©ÐÅ ÐüÐéÐÇð¥ð║ð©',
  `updated_at` datetime DEFAULT CURRENT_TIMESTAMP ON UPDATE CURRENT_TIMESTAMP COMMENT 'ðÆÐÇðÁð╝ÐÅ ð¥ð▒ð¢ð¥ð▓ð╗ðÁð¢ð©ÐÅ ÐüÐéÐÇð¥ð║ð©',
  PRIMARY KEY (`user_id`,`friend_id`) COMMENT 'ðíð¥ÐüÐéð░ð▓ð¢ð¥ð╣ ð┐ðÁÐÇð▓ð©Ðçð¢Ðïð╣ ð║ð╗ÐÄÐç'
) ENGINE=InnoDB DEFAULT CHARSET=utf8mb4 COLLATE=utf8mb4_unicode_ci COMMENT='ðóð░ð▒ð╗ð©Ðåð░ ð┤ÐÇÐâðÂð▒Ðï';
/*!40101 SET character_set_client = @saved_cs_client */;

--
-- Dumping data for table `friendship`
--

LOCK TABLES `friendship` WRITE;
/*!40000 ALTER TABLE `friendship` DISABLE KEYS */;
INSERT INTO `friendship` VALUES (1,61,2,'2014-07-20 15:08:07','2014-08-23 10:15:31','2019-06-29 04:53:39','2021-02-16 17:47:46'),(1,70,2,'2015-08-21 22:16:04','2012-11-12 15:54:34','2019-08-22 05:21:06','2021-02-16 17:47:46'),(1,75,2,'2019-01-24 01:26:00','2020-04-18 17:41:52','2013-06-02 10:57:23','2021-02-16 17:47:46'),(2,26,2,'2014-12-04 01:02:42','2013-02-20 16:03:10','2015-03-09 02:20:56','2021-02-16 17:47:46'),(3,55,2,'2019-09-08 23:44:53','2012-09-08 15:50:10','2018-04-24 06:13:45','2021-02-16 17:47:46'),(3,80,1,'2012-02-02 06:39:04','2019-03-13 13:27:50','2020-11-07 19:28:59','2021-02-16 17:47:46'),(4,62,3,'2018-06-03 19:22:54','2018-04-16 00:41:25','2015-09-21 14:39:15','2021-02-16 17:47:46'),(6,61,3,'2013-12-26 00:44:29','2015-03-26 21:59:13','2014-05-15 05:21:36','2021-02-16 17:47:46'),(6,92,2,'2013-04-19 18:25:21','2012-06-24 06:40:18','2013-11-17 23:12:29','2021-02-16 17:47:46'),(8,54,3,'2021-01-27 02:39:37','2020-07-26 13:56:46','2014-01-18 09:03:34','2021-02-16 17:46:13'),(8,77,1,'2017-10-27 03:35:06','2013-01-15 17:04:36','2017-04-09 15:06:03','2021-02-16 17:46:13'),(9,46,2,'2015-03-29 04:11:46','2020-07-12 20:13:24','2018-01-24 05:40:49','2021-02-16 17:47:46'),(10,51,1,'2011-10-16 09:48:57','2020-05-30 04:05:48','2019-02-26 17:08:02','2021-02-16 17:47:46'),(13,68,2,'2019-05-20 07:46:37','2011-05-15 14:28:07','2011-08-10 18:16:49','2021-02-16 17:47:46'),(13,89,1,'2015-05-09 13:19:41','2018-01-29 01:04:32','2013-12-08 22:49:23','2021-02-16 17:47:46'),(20,60,3,'2017-01-28 23:38:47','2013-02-10 12:03:40','2011-08-26 04:24:44','2021-02-16 17:47:46'),(23,8,1,'2020-03-07 11:07:27','2019-11-17 13:40:41','2021-01-16 17:56:50','2021-02-16 17:47:46'),(23,69,2,'2020-01-31 10:38:33','2015-02-04 00:54:10','2012-07-27 15:41:15','2021-02-16 17:47:46'),(24,67,2,'2015-12-29 04:26:07','2019-06-09 02:59:16','2017-07-28 22:35:17','2021-02-16 17:47:46'),(25,44,3,'2013-07-30 16:28:26','2013-11-30 17:33:48','2014-12-17 19:23:22','2021-02-16 17:47:46'),(27,99,1,'2015-08-21 04:28:41','2013-04-10 05:06:23','2012-06-28 15:16:51','2021-02-16 17:47:46'),(28,99,2,'2021-01-13 23:41:59','2019-12-21 18:19:11','2012-08-14 01:25:46','2021-02-16 17:47:46'),(30,10,2,'2019-08-12 09:12:23','2011-12-05 15:44:53','2018-04-06 13:52:58','2021-02-16 17:47:46'),(30,54,3,'2013-05-08 04:01:00','2012-07-17 10:01:41','2017-04-19 18:09:48','2021-02-16 17:46:13'),(31,35,3,'2019-09-13 09:52:36','2020-11-16 09:21:33','2017-12-10 07:35:47','2021-02-16 17:47:46'),(31,72,2,'2013-05-27 09:59:11','2015-06-21 02:19:16','2012-06-23 15:25:30','2021-02-16 17:47:46'),(33,66,2,'2020-10-25 10:57:31','2019-01-18 12:38:47','2011-08-18 07:04:56','2021-02-16 17:47:46'),(39,17,1,'2011-04-06 04:45:25','2011-02-24 14:00:55','2017-07-19 22:37:23','2021-02-16 17:47:46'),(39,48,3,'2013-01-25 00:24:17','2016-07-14 06:15:51','2013-03-04 02:44:11','2021-02-16 17:47:46'),(40,66,3,'2019-06-04 13:48:57','2018-12-25 11:53:29','2011-10-21 22:07:33','2021-02-16 17:47:46'),(41,37,1,'2011-07-19 17:05:59','2012-09-12 17:51:29','2018-02-08 13:08:02','2021-02-16 17:47:46'),(42,87,3,'2019-01-28 17:06:05','2020-07-28 08:38:49','2012-10-02 04:32:11','2021-02-16 17:47:46'),(45,15,3,'2019-06-29 16:08:17','2011-03-01 04:18:46','2012-03-27 14:06:58','2021-02-16 17:47:46'),(46,66,3,'2018-03-14 16:53:19','2017-08-13 23:29:30','2015-11-24 21:11:37','2021-02-16 17:47:46'),(47,14,1,'2016-08-10 06:20:30','2014-03-24 11:22:03','2015-12-21 03:22:44','2021-02-16 17:47:46'),(47,100,3,'2018-09-22 13:56:59','2015-12-22 12:12:13','2012-06-24 06:52:35','2021-02-16 17:47:46'),(56,14,1,'2015-02-01 20:00:26','2019-01-16 03:01:17','2012-09-02 01:59:07','2021-02-16 17:47:46'),(58,61,1,'2011-11-22 08:21:22','2013-07-11 16:50:46','2020-08-05 12:38:14','2021-02-16 17:47:46'),(59,94,1,'2015-10-07 17:07:17','2012-05-12 06:41:21','2020-12-04 13:57:28','2021-02-16 17:47:46'),(61,72,1,'2015-12-18 00:16:57','2018-12-26 14:00:23','2019-09-15 05:43:02','2021-02-16 17:47:46'),(62,9,3,'2014-09-03 06:40:59','2018-09-12 09:06:26','2020-03-19 00:57:15','2021-02-16 17:46:13'),(62,78,1,'2016-01-30 21:16:37','2017-06-25 06:08:14','2012-02-24 23:22:22','2021-02-16 17:47:46'),(63,3,3,'2012-02-14 22:30:00','2013-11-10 22:45:34','2013-10-22 21:26:28','2021-02-16 17:47:46'),(63,79,3,'2015-10-04 06:15:58','2019-12-09 23:18:59','2011-12-09 08:32:36','2021-02-16 17:47:46'),(65,58,3,'2019-02-18 09:32:34','2012-07-03 08:41:53','2020-12-07 13:29:34','2021-02-16 17:47:46'),(67,17,2,'2018-04-08 15:38:07','2011-03-27 01:12:29','2020-10-19 17:18:34','2021-02-16 17:47:46'),(68,89,3,'2013-04-18 01:43:01','2012-01-09 09:44:14','2018-09-07 22:25:27','2021-02-16 17:47:46'),(69,21,2,'2016-05-29 04:01:42','2020-07-17 04:12:26','2019-01-20 04:56:55','2021-02-16 17:47:46'),(70,25,2,'2019-03-05 12:36:01','2014-08-13 16:43:11','2019-11-16 02:10:54','2021-02-16 17:47:46'),(74,56,1,'2013-05-27 12:01:04','2013-12-12 10:11:41','2016-09-12 12:17:37','2021-02-16 17:47:46'),(74,85,2,'2015-05-27 10:05:59','2015-05-13 13:49:56','2013-11-10 06:13:19','2021-02-16 17:47:46'),(77,79,2,'2019-11-26 18:23:29','2020-05-28 12:10:59','2013-07-07 18:32:19','2021-02-16 17:47:46'),(78,29,1,'2020-06-20 20:56:40','2016-10-20 16:01:34','2017-01-21 04:26:09','2021-02-16 17:47:46'),(78,73,2,'2020-12-01 12:17:37','2020-05-25 11:00:19','2020-05-27 08:58:11','2021-02-16 17:46:13'),(82,8,2,'2019-11-17 19:14:35','2020-08-28 11:59:57','2017-03-07 12:42:10','2021-02-16 17:47:46'),(83,10,3,'2020-05-15 11:47:10','2020-07-17 14:54:25','2017-01-02 04:32:14','2021-02-16 17:47:46'),(83,67,2,'2012-05-12 13:38:27','2018-06-25 17:11:18','2015-01-08 18:29:31','2021-02-16 17:47:46'),(87,53,1,'2019-04-20 21:30:09','2019-03-28 19:11:11','2018-02-03 11:18:04','2021-02-16 17:47:46'),(88,99,1,'2020-10-12 18:27:29','2013-03-27 19:42:34','2019-11-02 18:05:21','2021-02-16 17:47:46'),(92,79,1,'2015-02-17 16:31:22','2012-03-14 19:05:31','2012-11-12 04:35:52','2021-02-16 17:47:46'),(94,44,2,'2021-01-13 18:47:16','2011-11-14 00:54:15','2015-04-24 22:49:27','2021-02-16 17:47:46'),(94,72,1,'2013-06-25 05:09:06','2011-03-21 14:11:47','2013-10-11 04:42:11','2021-02-16 17:47:46'),(96,7,1,'2015-08-20 09:35:54','2012-06-29 04:13:26','2014-09-25 15:16:07','2021-02-16 17:46:13'),(96,18,3,'2019-03-25 09:53:53','2012-06-19 01:28:32','2019-12-11 01:41:10','2021-02-16 17:46:13'),(99,8,1,'2014-12-07 08:33:44','2019-07-11 10:57:58','2018-04-18 03:28:22','2021-02-16 17:47:46'),(100,45,1,'2018-01-24 01:47:58','2011-06-19 05:06:02','2011-09-26 13:14:49','2021-02-16 17:47:46'),(100,95,2,'2020-03-24 09:17:11','2019-04-01 17:10:57','2017-04-21 16:03:59','2021-02-16 17:47:46');
/*!40000 ALTER TABLE `friendship` ENABLE KEYS */;
UNLOCK TABLES;

--
-- Table structure for table `friendship_statuses`
--

DROP TABLE IF EXISTS `friendship_statuses`;
/*!40101 SET @saved_cs_client     = @@character_set_client */;
/*!50503 SET character_set_client = utf8mb4 */;
CREATE TABLE `friendship_statuses` (
  `id` int unsigned NOT NULL AUTO_INCREMENT COMMENT 'ðÿð┤ðÁð¢Ðéð©Ðäð©ð║ð░Ðéð¥ÐÇ ÐüÐéÐÇð¥ð║ð©',
  `name` varchar(150) CHARACTER SET utf8mb4 COLLATE utf8mb4_unicode_ci NOT NULL COMMENT 'ðØð░ðÀð▓ð░ð¢ð©ðÁ ÐüÐéð░ÐéÐâÐüð░',
  `created_at` datetime DEFAULT CURRENT_TIMESTAMP COMMENT 'ðÆÐÇðÁð╝ÐÅ Ðüð¥ðÀð┤ð░ð¢ð©ÐÅ ÐüÐéÐÇð¥ð║ð©',
  `updated_at` datetime DEFAULT CURRENT_TIMESTAMP ON UPDATE CURRENT_TIMESTAMP COMMENT 'ðÆÐÇðÁð╝ÐÅ ð¥ð▒ð¢ð¥ð▓ð╗ðÁð¢ð©ÐÅ ÐüÐéÐÇð¥ð║ð©',
  PRIMARY KEY (`id`),
  UNIQUE KEY `name` (`name`)
) ENGINE=InnoDB AUTO_INCREMENT=4 DEFAULT CHARSET=utf8mb4 COLLATE=utf8mb4_unicode_ci COMMENT='ðíÐéð░ÐéÐâÐüÐï ð┤ÐÇÐâðÂð▒Ðï';
/*!40101 SET character_set_client = @saved_cs_client */;

--
-- Dumping data for table `friendship_statuses`
--

LOCK TABLES `friendship_statuses` WRITE;
/*!40000 ALTER TABLE `friendship_statuses` DISABLE KEYS */;
INSERT INTO `friendship_statuses` VALUES (1,'Requested','2021-02-16 17:47:25','2021-02-16 17:47:25'),(2,'Confirmed','2021-02-16 17:47:25','2021-02-16 17:47:25'),(3,'Rejected','2021-02-16 17:47:25','2021-02-16 17:47:25');
/*!40000 ALTER TABLE `friendship_statuses` ENABLE KEYS */;
UNLOCK TABLES;

--
-- Table structure for table `media`
--

DROP TABLE IF EXISTS `media`;
/*!40101 SET @saved_cs_client     = @@character_set_client */;
/*!50503 SET character_set_client = utf8mb4 */;
CREATE TABLE `media` (
  `id` int unsigned NOT NULL AUTO_INCREMENT COMMENT 'ðÿð┤ðÁð¢Ðéð©Ðäð©ð║ð░Ðéð¥ÐÇ ÐüÐéÐÇð¥ð║ð©',
  `user_id` int unsigned NOT NULL COMMENT 'ðíÐüÐïð╗ð║ð░ ð¢ð░ ð┐ð¥ð╗ÐîðÀð¥ð▓ð░ÐéðÁð╗ÐÅ, ð║ð¥Ðéð¥ÐÇÐïð╣ ðÀð░ð│ÐÇÐâðÀð©ð╗ Ðäð░ð╣ð╗',
  `filename` varchar(255) CHARACTER SET utf8mb4 COLLATE utf8mb4_unicode_ci NOT NULL COMMENT 'ðƒÐâÐéÐî ð║ Ðäð░ð╣ð╗Ðâ',
  `size` int NOT NULL COMMENT 'ðáð░ðÀð╝ðÁÐÇ Ðäð░ð╣ð╗ð░',
  `metadata` json DEFAULT NULL,
  `media_type_id` int unsigned NOT NULL COMMENT 'ðíÐüÐïð╗ð║ð░ ð¢ð░ Ðéð©ð┐ ð║ð¥ð¢ÐéðÁð¢Ðéð░',
  `created_at` datetime DEFAULT CURRENT_TIMESTAMP COMMENT 'ðÆÐÇðÁð╝ÐÅ Ðüð¥ðÀð┤ð░ð¢ð©ÐÅ ÐüÐéÐÇð¥ð║ð©',
  `updated_at` datetime DEFAULT CURRENT_TIMESTAMP ON UPDATE CURRENT_TIMESTAMP COMMENT 'ðÆÐÇðÁð╝ÐÅ ð¥ð▒ð¢ð¥ð▓ð╗ðÁð¢ð©ÐÅ ÐüÐéÐÇð¥ð║ð©',
  PRIMARY KEY (`id`),
  CONSTRAINT `media_chk_1` CHECK (json_valid(`metadata`))
) ENGINE=InnoDB AUTO_INCREMENT=101 DEFAULT CHARSET=utf8mb4 COLLATE=utf8mb4_unicode_ci COMMENT='ð£ðÁð┤ð©ð░Ðäð░ð╣ð╗Ðï';
/*!40101 SET character_set_client = @saved_cs_client */;

--
-- Dumping data for table `media`
--

LOCK TABLES `media` WRITE;
/*!40000 ALTER TABLE `media` DISABLE KEYS */;
INSERT INTO `media` VALUES (1,54,'http://dropbox.net/vk/exercitationem.jpg',411358,'{\"owner\": \"Laura Dicki\"}',2,'2018-10-26 01:56:41','2021-02-16 17:43:31'),(2,8,'http://dropbox.net/vk/nihil.mpeg',27570,'{\"owner\": \"Eldon O\'Kon\"}',2,'2015-09-05 22:18:23','2021-02-16 17:43:31'),(3,83,'http://dropbox.net/vk/fugit.avi',598697,'{\"owner\": \"Garfield Kutch\"}',2,'2011-09-09 19:51:23','2021-02-16 17:43:31'),(4,90,'http://dropbox.net/vk/sed.jpg',749411,'{\"owner\": \"Casey Lebsack\"}',1,'2016-10-23 12:44:14','2021-02-16 17:43:31'),(5,36,'http://dropbox.net/vk/unde.mpeg',6327,'{\"owner\": \"Hermina Brown\"}',3,'2017-06-16 10:35:46','2021-02-16 17:43:31'),(6,99,'http://dropbox.net/vk/ratione.jpeg',940966,'{\"owner\": \"Abbigail Armstrong\"}',1,'2020-02-12 14:35:08','2021-02-16 17:43:31'),(7,16,'http://dropbox.net/vk/cupiditate.jpg',5500493,'{\"owner\": \"Gloria Rice\"}',1,'2013-11-20 06:56:32','2021-02-16 17:43:31'),(8,94,'http://dropbox.net/vk/totam.jpg',8205,'{\"owner\": \"Braxton Romaguera\"}',3,'2015-03-29 07:29:57','2021-02-16 17:43:31'),(9,86,'http://dropbox.net/vk/aut.jpg',446594,'{\"owner\": \"Reinhold Herman\"}',1,'2019-12-12 16:41:53','2021-02-16 17:43:31'),(10,32,'http://dropbox.net/vk/reprehenderit.png',8027139,'{\"owner\": \"Delbert Spinka\"}',1,'2011-10-16 00:07:23','2021-02-16 17:43:31'),(11,7,'http://dropbox.net/vk/accusantium.avi',400075,'{\"owner\": \"Quincy Ruecker\"}',2,'2019-08-19 06:50:40','2021-02-16 17:43:31'),(12,57,'http://dropbox.net/vk/ut.mpeg',163788,'{\"owner\": \"Wava Gerhold\"}',2,'2013-01-09 20:16:50','2021-02-16 17:43:31'),(13,81,'http://dropbox.net/vk/quo.jpeg',2952,'{\"owner\": \"Izaiah Predovic\"}',3,'2017-03-01 22:09:05','2021-02-16 17:43:31'),(14,43,'http://dropbox.net/vk/sed.png',75069,'{\"owner\": \"Oswald Hilpert\"}',1,'2014-05-14 06:38:42','2021-02-16 17:43:31'),(15,55,'http://dropbox.net/vk/voluptatem.avi',694058,'{\"owner\": \"Sydney Goldner\"}',1,'2014-01-31 15:14:24','2021-02-16 17:43:31'),(16,55,'http://dropbox.net/vk/qui.avi',650594,'{\"owner\": \"Sydney Goldner\"}',3,'2014-07-10 23:56:23','2021-02-16 17:43:31'),(17,61,'http://dropbox.net/vk/aliquid.mpeg',1378,'{\"owner\": \"Sibyl Dooley\"}',2,'2018-09-02 03:02:25','2021-02-16 17:43:31'),(18,98,'http://dropbox.net/vk/officiis.jpg',42744,'{\"owner\": \"Karine Bartoletti\"}',2,'2011-09-15 15:22:16','2021-02-16 17:43:31'),(19,72,'http://dropbox.net/vk/inventore.png',85228,'{\"owner\": \"Jaeden Funk\"}',2,'2016-09-28 22:33:08','2021-02-16 17:43:31'),(20,96,'http://dropbox.net/vk/et.mpeg',251938,'{\"owner\": \"Demetrius Langworth\"}',3,'2021-01-04 23:38:31','2021-02-16 17:43:31'),(21,61,'http://dropbox.net/vk/perferendis.jpeg',554865,'{\"owner\": \"Sibyl Dooley\"}',3,'2017-08-29 17:52:33','2021-02-16 17:43:31'),(22,2,'http://dropbox.net/vk/voluptates.avi',121461,'{\"owner\": \"Julian Douglas\"}',2,'2020-05-18 13:30:49','2021-02-16 17:43:31'),(23,69,'http://dropbox.net/vk/ea.jpeg',841488,'{\"owner\": \"Kaley Strosin\"}',3,'2017-09-04 02:40:53','2021-02-16 17:43:31'),(24,6,'http://dropbox.net/vk/voluptate.jpeg',833060,'{\"owner\": \"Davion Funk\"}',2,'2011-06-23 08:35:54','2021-02-16 17:43:31'),(25,48,'http://dropbox.net/vk/delectus.avi',28784,'{\"owner\": \"Hilton Toy\"}',3,'2013-11-08 15:02:36','2021-02-16 17:43:31'),(26,33,'http://dropbox.net/vk/dignissimos.mpeg',5880840,'{\"owner\": \"Tatyana Cassin\"}',2,'2013-08-03 22:50:04','2021-02-16 17:43:31'),(27,66,'http://dropbox.net/vk/laboriosam.mpeg',630838,'{\"owner\": \"Brock Stark\"}',3,'2020-10-31 10:50:00','2021-02-16 17:43:31'),(28,44,'http://dropbox.net/vk/et.jpg',6795261,'{\"owner\": \"Kaitlin Volkman\"}',2,'2014-12-31 19:54:48','2021-02-16 17:43:31'),(29,65,'http://dropbox.net/vk/nihil.mpeg',645007,'{\"owner\": \"Finn Heathcote\"}',1,'2020-07-31 05:56:48','2021-02-16 17:39:59'),(30,54,'http://dropbox.net/vk/sint.jpg',757327136,'{\"owner\": \"Laura Dicki\"}',2,'2018-03-05 13:08:00','2021-02-16 17:43:31'),(31,95,'http://dropbox.net/vk/dolor.mpeg',322524,'{\"owner\": \"Walker Schamberger\"}',1,'2015-05-18 15:45:07','2021-02-16 17:43:31'),(32,29,'http://dropbox.net/vk/rerum.avi',6479065,'{\"owner\": \"Natalia Ritchie\"}',2,'2018-12-18 19:50:37','2021-02-16 17:43:31'),(33,40,'http://dropbox.net/vk/recusandae.mpeg',667598,'{\"owner\": \"Elwin Ankunding\"}',2,'2015-03-30 21:12:42','2021-02-16 17:43:31'),(34,35,'http://dropbox.net/vk/ipsum.jpeg',3120084,'{\"owner\": \"Christina Schamberger\"}',1,'2021-01-09 00:40:27','2021-02-16 17:43:31'),(35,39,'http://dropbox.net/vk/ea.jpeg',360418,'{\"owner\": \"Mae White\"}',2,'2019-06-20 21:41:53','2021-02-16 17:43:31'),(36,22,'http://dropbox.net/vk/omnis.png',789296,'{\"owner\": \"Garfield Prosacco\"}',1,'2019-06-05 14:02:47','2021-02-16 17:43:31'),(37,5,'http://dropbox.net/vk/eaque.avi',855226,'{\"owner\": \"Alberto Deckow\"}',3,'2019-12-06 01:34:45','2021-02-16 17:43:31'),(38,50,'http://dropbox.net/vk/eveniet.png',898245,'{\"owner\": \"Christian Haag\"}',3,'2018-09-07 18:52:51','2021-02-16 17:43:31'),(39,56,'http://dropbox.net/vk/suscipit.avi',78782,'{\"owner\": \"Claire Olson\"}',1,'2017-09-13 13:42:27','2021-02-16 17:39:59'),(40,92,'http://dropbox.net/vk/sit.jpeg',25981,'{\"owner\": \"Madyson Christiansen\"}',1,'2012-09-04 02:50:38','2021-02-16 17:43:31'),(41,84,'http://dropbox.net/vk/expedita.png',915545,'{\"owner\": \"Abdullah Schmeler\"}',1,'2020-04-01 12:47:33','2021-02-16 17:43:31'),(42,6,'http://dropbox.net/vk/et.avi',872991,'{\"owner\": \"Davion Funk\"}',2,'2013-10-28 04:58:28','2021-02-16 17:43:31'),(43,33,'http://dropbox.net/vk/id.mpeg',7711,'{\"owner\": \"Tatyana Cassin\"}',1,'2014-05-01 22:43:29','2021-02-16 17:43:31'),(44,14,'http://dropbox.net/vk/animi.png',608322,'{\"owner\": \"Merlin Schuster\"}',1,'2015-03-16 22:24:34','2021-02-16 17:43:31'),(45,72,'http://dropbox.net/vk/molestiae.jpeg',10617,'{\"owner\": \"Jaeden Funk\"}',1,'2011-06-09 20:39:43','2021-02-16 17:43:31'),(46,68,'http://dropbox.net/vk/totam.png',412637,'{\"owner\": \"Danielle Greenholt\"}',3,'2019-09-08 04:53:02','2021-02-16 17:43:31'),(47,61,'http://dropbox.net/vk/sit.jpg',80684,'{\"owner\": \"Sibyl Dooley\"}',2,'2011-11-13 03:25:20','2021-02-16 17:39:59'),(48,22,'http://dropbox.net/vk/qui.jpeg',3801,'{\"owner\": \"Garfield Prosacco\"}',3,'2017-09-06 19:43:16','2021-02-16 17:43:31'),(49,98,'http://dropbox.net/vk/fuga.mpeg',2042,'{\"owner\": \"Karine Bartoletti\"}',3,'2012-10-06 10:52:31','2021-02-16 17:43:31'),(50,67,'http://dropbox.net/vk/vero.mpeg',228221,'{\"owner\": \"Eloise Lesch\"}',3,'2019-03-26 17:45:31','2021-02-16 17:43:31'),(51,35,'http://dropbox.net/vk/recusandae.avi',6480,'{\"owner\": \"Christina Schamberger\"}',2,'2019-04-27 13:34:25','2021-02-16 17:43:31'),(52,87,'http://dropbox.net/vk/nesciunt.png',7618623,'{\"owner\": \"Dortha Bernhard\"}',3,'2019-01-16 05:27:31','2021-02-16 17:43:31'),(53,90,'http://dropbox.net/vk/ut.png',893192,'{\"owner\": \"Casey Lebsack\"}',3,'2018-03-07 21:43:05','2021-02-16 17:43:31'),(54,71,'http://dropbox.net/vk/aut.jpeg',69153308,'{\"owner\": \"Noelia Parisian\"}',1,'2019-10-19 18:30:51','2021-02-16 17:43:31'),(55,21,'http://dropbox.net/vk/est.png',3986,'{\"owner\": \"Itzel Reichert\"}',2,'2017-02-16 17:38:37','2021-02-16 17:43:31'),(56,97,'http://dropbox.net/vk/veniam.jpeg',771298,'{\"owner\": \"Dawson Considine\"}',3,'2018-05-01 21:50:40','2021-02-16 17:43:31'),(57,31,'http://dropbox.net/vk/laudantium.jpg',166915,'{\"owner\": \"Abelardo Blick\"}',3,'2017-02-23 19:29:46','2021-02-16 17:43:31'),(58,14,'http://dropbox.net/vk/quibusdam.png',510683,'{\"owner\": \"Merlin Schuster\"}',3,'2015-09-17 22:01:53','2021-02-16 17:43:31'),(59,7,'http://dropbox.net/vk/inventore.avi',42671,'{\"owner\": \"Quincy Ruecker\"}',1,'2019-06-14 06:13:52','2021-02-16 17:43:31'),(60,37,'http://dropbox.net/vk/sed.jpeg',1563052,'{\"owner\": \"Gertrude Harvey\"}',3,'2020-10-28 04:55:27','2021-02-16 17:43:31'),(61,99,'http://dropbox.net/vk/est.jpeg',7035176,'{\"owner\": \"Abbigail Armstrong\"}',1,'2020-04-23 00:56:05','2021-02-16 17:39:59'),(62,79,'http://dropbox.net/vk/tenetur.avi',671307,'{\"owner\": \"Abdiel O\'Connell\"}',1,'2011-11-15 04:38:45','2021-02-16 17:43:31'),(63,99,'http://dropbox.net/vk/ipsa.avi',218520,'{\"owner\": \"Abbigail Armstrong\"}',1,'2016-11-18 10:31:32','2021-02-16 17:43:31'),(64,90,'http://dropbox.net/vk/accusamus.avi',68343673,'{\"owner\": \"Casey Lebsack\"}',3,'2013-12-16 20:18:48','2021-02-16 17:43:31'),(65,41,'http://dropbox.net/vk/rem.jpg',58329020,'{\"owner\": \"Vinnie Stamm\"}',3,'2016-02-07 16:36:19','2021-02-16 17:43:31'),(66,46,'http://dropbox.net/vk/asperiores.mpeg',68680,'{\"owner\": \"Lelia Schumm\"}',2,'2015-05-08 04:46:33','2021-02-16 17:43:31'),(67,8,'http://dropbox.net/vk/libero.mpeg',598113503,'{\"owner\": \"Eldon O\'Kon\"}',2,'2019-06-08 01:26:54','2021-02-16 17:43:31'),(68,8,'http://dropbox.net/vk/voluptate.jpg',677839,'{\"owner\": \"Eldon O\'Kon\"}',3,'2019-10-04 09:03:26','2021-02-16 17:43:31'),(69,46,'http://dropbox.net/vk/ad.jpg',7642621,'{\"owner\": \"Lelia Schumm\"}',1,'2017-11-06 19:55:34','2021-02-16 17:43:31'),(70,6,'http://dropbox.net/vk/explicabo.jpeg',8005,'{\"owner\": \"Davion Funk\"}',3,'2020-05-19 02:08:38','2021-02-16 17:43:31'),(71,69,'http://dropbox.net/vk/doloribus.jpeg',69839,'{\"owner\": \"Kaley Strosin\"}',3,'2017-07-28 21:30:24','2021-02-16 17:43:31'),(72,24,'http://dropbox.net/vk/qui.mpeg',173158,'{\"owner\": \"Caroline Konopelski\"}',3,'2019-03-19 06:15:59','2021-02-16 17:43:31'),(73,49,'http://dropbox.net/vk/accusamus.avi',98838844,'{\"owner\": \"Tyshawn Koepp\"}',2,'2018-05-01 23:52:31','2021-02-16 17:43:31'),(74,2,'http://dropbox.net/vk/hic.mpeg',822273,'{\"owner\": \"Julian Douglas\"}',1,'2018-07-30 14:45:37','2021-02-16 17:43:31'),(75,63,'http://dropbox.net/vk/quis.avi',3257227,'{\"owner\": \"Elise Schowalter\"}',3,'2018-09-04 18:26:46','2021-02-16 17:43:31'),(76,97,'http://dropbox.net/vk/non.mpeg',581890,'{\"owner\": \"Dawson Considine\"}',1,'2018-03-31 08:19:19','2021-02-16 17:43:31'),(77,34,'http://dropbox.net/vk/voluptatum.jpeg',2927,'{\"owner\": \"Lauretta Crist\"}',3,'2016-05-04 16:04:19','2021-02-16 17:43:31'),(78,84,'http://dropbox.net/vk/quisquam.png',432632,'{\"owner\": \"Abdullah Schmeler\"}',2,'2018-08-15 22:33:35','2021-02-16 17:43:31'),(79,23,'http://dropbox.net/vk/praesentium.png',76138,'{\"owner\": \"Jerel Moore\"}',3,'2014-05-08 08:54:20','2021-02-16 17:43:31'),(80,47,'http://dropbox.net/vk/laudantium.avi',1381829,'{\"owner\": \"Neoma Hane\"}',1,'2011-07-11 16:07:58','2021-02-16 17:43:31'),(81,18,'http://dropbox.net/vk/aliquid.jpg',5749367,'{\"owner\": \"Skye Becker\"}',2,'2011-11-07 19:07:30','2021-02-16 17:43:31'),(82,33,'http://dropbox.net/vk/dignissimos.mpeg',6690,'{\"owner\": \"Tatyana Cassin\"}',1,'2016-04-11 10:21:19','2021-02-16 17:43:31'),(83,9,'http://dropbox.net/vk/officiis.jpeg',661986866,'{\"owner\": \"Sydney Lindgren\"}',3,'2016-02-08 04:49:25','2021-02-16 17:43:31'),(84,13,'http://dropbox.net/vk/tenetur.png',407492,'{\"owner\": \"Brock Schowalter\"}',1,'2011-11-02 10:51:45','2021-02-16 17:43:31'),(85,91,'http://dropbox.net/vk/quisquam.mpeg',729565,'{\"owner\": \"Clemmie Abbott\"}',2,'2011-03-07 05:07:16','2021-02-16 17:43:31'),(86,69,'http://dropbox.net/vk/quis.avi',415349,'{\"owner\": \"Kaley Strosin\"}',2,'2018-08-14 02:05:13','2021-02-16 17:43:31'),(87,93,'http://dropbox.net/vk/voluptas.jpg',878052,'{\"owner\": \"Tianna Lockman\"}',2,'2017-01-14 08:02:48','2021-02-16 17:43:31'),(88,96,'http://dropbox.net/vk/ab.avi',134210,'{\"owner\": \"Demetrius Langworth\"}',1,'2015-06-10 10:23:39','2021-02-16 17:43:31'),(89,74,'http://dropbox.net/vk/aut.avi',2211245,'{\"owner\": \"Anabelle Bednar\"}',3,'2012-04-03 22:13:56','2021-02-16 17:43:31'),(90,76,'http://dropbox.net/vk/impedit.mpeg',26898,'{\"owner\": \"Claud Buckridge\"}',1,'2014-01-20 19:31:00','2021-02-16 17:43:31'),(91,24,'http://dropbox.net/vk/voluptatem.avi',81994,'{\"owner\": \"Caroline Konopelski\"}',3,'2018-04-18 19:00:02','2021-02-16 17:43:31'),(92,21,'http://dropbox.net/vk/reprehenderit.mpeg',1628489,'{\"owner\": \"Itzel Reichert\"}',1,'2019-03-11 07:32:23','2021-02-16 17:43:31'),(93,45,'http://dropbox.net/vk/labore.png',721860,'{\"owner\": \"Vergie Heaney\"}',1,'2012-01-19 13:21:40','2021-02-16 17:43:31'),(94,89,'http://dropbox.net/vk/quia.mpeg',5017385,'{\"owner\": \"Ramona Nolan\"}',1,'2015-11-16 01:17:13','2021-02-16 17:43:31'),(95,89,'http://dropbox.net/vk/sint.avi',7458,'{\"owner\": \"Ramona Nolan\"}',2,'2016-04-27 04:31:59','2021-02-16 17:43:31'),(96,60,'http://dropbox.net/vk/ut.avi',69615120,'{\"owner\": \"Brooke Collier\"}',2,'2013-11-07 20:25:32','2021-02-16 17:43:31'),(97,12,'http://dropbox.net/vk/quia.mpeg',9674696,'{\"owner\": \"Alfred Becker\"}',3,'2017-05-22 03:03:38','2021-02-16 17:43:31'),(98,88,'http://dropbox.net/vk/ipsa.jpeg',72538786,'{\"owner\": \"Vivien Monahan\"}',1,'2020-06-06 11:25:41','2021-02-16 17:39:59'),(99,18,'http://dropbox.net/vk/maxime.png',518608,'{\"owner\": \"Skye Becker\"}',1,'2018-04-11 15:50:14','2021-02-16 17:43:31'),(100,89,'http://dropbox.net/vk/officia.jpeg',574497,'{\"owner\": \"Ramona Nolan\"}',3,'2019-08-29 08:08:23','2021-02-16 17:43:31');
/*!40000 ALTER TABLE `media` ENABLE KEYS */;
UNLOCK TABLES;

--
-- Table structure for table `media_types`
--

DROP TABLE IF EXISTS `media_types`;
/*!40101 SET @saved_cs_client     = @@character_set_client */;
/*!50503 SET character_set_client = utf8mb4 */;
CREATE TABLE `media_types` (
  `id` int unsigned NOT NULL AUTO_INCREMENT COMMENT 'ðÿð┤ðÁð¢Ðéð©Ðäð©ð║ð░Ðéð¥ÐÇ ÐüÐéÐÇð¥ð║ð©',
  `name` varchar(255) CHARACTER SET utf8mb4 COLLATE utf8mb4_unicode_ci NOT NULL COMMENT 'ðØð░ðÀð▓ð░ð¢ð©ðÁ Ðéð©ð┐ð░',
  `created_at` datetime DEFAULT CURRENT_TIMESTAMP COMMENT 'ðÆÐÇðÁð╝ÐÅ Ðüð¥ðÀð┤ð░ð¢ð©ÐÅ ÐüÐéÐÇð¥ð║ð©',
  `updated_at` datetime DEFAULT CURRENT_TIMESTAMP ON UPDATE CURRENT_TIMESTAMP COMMENT 'ðÆÐÇðÁð╝ÐÅ ð¥ð▒ð¢ð¥ð▓ð╗ðÁð¢ð©ÐÅ ÐüÐéÐÇð¥ð║ð©',
  PRIMARY KEY (`id`),
  UNIQUE KEY `name` (`name`)
) ENGINE=InnoDB AUTO_INCREMENT=4 DEFAULT CHARSET=utf8mb4 COLLATE=utf8mb4_unicode_ci COMMENT='ðóð©ð┐Ðï ð╝ðÁð┤ð©ð░Ðäð░ð╣ð╗ð¥ð▓';
/*!40101 SET character_set_client = @saved_cs_client */;

--
-- Dumping data for table `media_types`
--

LOCK TABLES `media_types` WRITE;
/*!40000 ALTER TABLE `media_types` DISABLE KEYS */;
INSERT INTO `media_types` VALUES (1,'photo','2021-02-16 17:42:13','2021-02-16 17:42:13'),(2,'video','2021-02-16 17:42:13','2021-02-16 17:42:13'),(3,'audio','2021-02-16 17:42:13','2021-02-16 17:42:13');
/*!40000 ALTER TABLE `media_types` ENABLE KEYS */;
UNLOCK TABLES;

--
-- Table structure for table `messages`
--

DROP TABLE IF EXISTS `messages`;
/*!40101 SET @saved_cs_client     = @@character_set_client */;
/*!50503 SET character_set_client = utf8mb4 */;
CREATE TABLE `messages` (
  `id` int unsigned NOT NULL AUTO_INCREMENT COMMENT 'ðÿð┤ðÁð¢Ðéð©Ðäð©ð║ð░Ðéð¥ÐÇ ÐüÐéÐÇð¥ð║ð©',
  `from_user_id` int unsigned NOT NULL COMMENT 'ðíÐüÐïð╗ð║ð░ ð¢ð░ ð¥Ðéð┐ÐÇð░ð▓ð©ÐéðÁð╗ÐÅ Ðüð¥ð¥ð▒ÐëðÁð¢ð©ÐÅ',
  `to_user_id` int unsigned NOT NULL COMMENT 'ðíÐüÐïð╗ð║ð░ ð¢ð░ ð┐ð¥ð╗ÐâÐçð░ÐéðÁð╗ÐÅ Ðüð¥ð¥ð▒ÐëðÁð¢ð©ÐÅ',
  `body` text CHARACTER SET utf8mb4 COLLATE utf8mb4_unicode_ci NOT NULL COMMENT 'ðóðÁð║ÐüÐé Ðüð¥ð¥ð▒ÐëðÁð¢ð©ÐÅ',
  `is_important` tinyint(1) DEFAULT NULL COMMENT 'ðƒÐÇð©ðÀð¢ð░ð║ ð▓ð░ðÂð¢ð¥ÐüÐéð©',
  `is_delivered` tinyint(1) DEFAULT NULL COMMENT 'ðƒÐÇð©ðÀð¢ð░ð║ ð┤ð¥ÐüÐéð░ð▓ð║ð©',
  `created_at` datetime DEFAULT CURRENT_TIMESTAMP COMMENT 'ðÆÐÇðÁð╝ÐÅ Ðüð¥ðÀð┤ð░ð¢ð©ÐÅ ÐüÐéÐÇð¥ð║ð©',
  PRIMARY KEY (`id`)
) ENGINE=InnoDB AUTO_INCREMENT=101 DEFAULT CHARSET=utf8mb4 COLLATE=utf8mb4_unicode_ci COMMENT='ðíð¥ð¥ð▒ÐëðÁð¢ð©ÐÅ';
/*!40101 SET character_set_client = @saved_cs_client */;

--
-- Dumping data for table `messages`
--

LOCK TABLES `messages` WRITE;
/*!40000 ALTER TABLE `messages` DISABLE KEYS */;
INSERT INTO `messages` VALUES (1,3,30,'Sapiente cumque corrupti saepe quasi. Repudiandae amet provident in molestiae sunt qui. Modi molestiae aut eveniet molestiae et eum. Dolorem aut vitae enim sint adipisci corporis laudantium.',1,1,'1934-05-20 15:33:37'),(2,44,67,'Enim in dolor maiores aspernatur omnis. Possimus ut qui et corporis ut ipsum minima. Modi ut sed amet consequatur eos. Enim sequi molestiae optio id accusantium.',0,0,'1975-12-15 23:43:03'),(3,75,73,'Voluptatem aut est et ea rerum. Harum odio totam minus delectus. Dolorem sint numquam dolorem enim ab ipsam. Neque est sed enim odit et.',1,1,'1999-07-18 18:05:04'),(4,80,30,'Repellat et doloribus incidunt ut et dicta recusandae. Laboriosam quia et mollitia aut nam. Maxime distinctio quod et quaerat quam. Repellendus ratione ipsam quae error impedit quia expedita. Repellendus quia voluptas qui aut ut.',1,0,'1999-09-16 19:28:13'),(5,30,60,'Beatae illo id omnis sed iusto cum. Consectetur nemo possimus neque eum tenetur aut cumque. Odio assumenda autem quasi dolorem maxime facere sunt quaerat.',0,0,'1934-04-19 09:32:37'),(6,57,98,'Deleniti reiciendis vitae aspernatur. Quia minus placeat sunt voluptatem sed. Et repellat et dicta perferendis id consequatur.',1,1,'1963-07-21 20:46:18'),(7,92,14,'Quis magni qui vero dolorem nulla possimus. Delectus dolorem laborum nihil voluptate et quisquam accusamus. Id dolor soluta ducimus. Asperiores odio quam ad deleniti autem.',1,0,'1927-05-11 06:53:01'),(8,36,88,'Explicabo fuga aperiam aut provident eos ullam. Incidunt nisi tempore voluptatem asperiores sed enim iusto. Facere voluptatem qui quam id et minima ullam ut. Corrupti sed quam ratione consectetur error pariatur. Provident praesentium sed unde facere quae iusto.',1,0,'1926-05-14 17:53:00'),(9,5,80,'Rerum assumenda sequi cupiditate. In ut aspernatur rerum vel. Sequi dolorem dicta dolorem consequatur dolores rem eos. Velit incidunt qui soluta accusantium nobis odit et quae.',0,0,'1949-12-26 04:28:15'),(10,15,3,'Voluptatem iusto labore sunt. Dignissimos qui in nihil suscipit tenetur debitis. Expedita provident dolore voluptatibus aliquam ratione iure eius.',0,1,'1978-02-26 16:45:28'),(11,98,7,'Quidem veritatis quisquam consequatur expedita incidunt magnam sed. Voluptas harum odio temporibus qui. Temporibus culpa repellat et eius corrupti. Fugit est eligendi quis ab tempora dolores deleniti. Quis sunt quod quis autem et aliquam.',1,1,'1952-10-01 13:41:43'),(12,93,45,'Et explicabo qui est quas. Explicabo est numquam maiores suscipit. Officiis vero delectus dolor veniam molestiae.',0,0,'1994-01-01 20:05:20'),(13,41,62,'Aut voluptate temporibus at veritatis. Alias eos explicabo ipsa sint enim aut. Itaque qui enim non quo velit in. Voluptatibus accusamus inventore veritatis non.',0,0,'1930-02-16 15:17:08'),(14,43,99,'Repudiandae ipsam laboriosam officiis a. Voluptas doloribus sunt suscipit est doloribus dolorem consequatur. Rerum nihil nihil voluptatem maiores et.',0,0,'1954-03-10 21:50:20'),(15,5,34,'Est expedita et accusantium velit facilis. Occaecati hic dolor quisquam in hic magni distinctio. Velit molestiae omnis est aut.',1,1,'1982-10-01 12:16:46'),(16,35,71,'Ipsa porro illo cum rem eum doloribus aliquam. Quia velit recusandae laudantium animi sit. Enim aperiam rem magnam sint. Et hic voluptatum doloremque harum temporibus sint voluptates nemo.',1,0,'1938-05-04 10:37:44'),(17,83,89,'Nihil eos omnis ut voluptatem et. Nihil quam nulla consequatur sunt voluptatum fuga tempora. Facere voluptatem aliquam nemo vel.',1,1,'1988-05-13 01:12:16'),(18,44,59,'Aspernatur odit vero fugit unde voluptatibus. Minus quam aperiam veritatis fugiat architecto iure. Id quod corporis doloremque veritatis.',0,0,'2019-07-08 18:38:01'),(19,70,62,'Ea maiores occaecati molestias quas vel nostrum in necessitatibus. Alias accusantium inventore sed minus quo sapiente. Sequi autem reiciendis reiciendis est quam.',1,1,'2003-08-25 17:55:35'),(20,87,18,'Et hic commodi quia aperiam iusto. Tenetur tempora perspiciatis cumque consequatur laboriosam. Nesciunt ea et deleniti.',0,1,'1945-07-16 23:24:47'),(21,66,64,'Tempore consequatur sunt omnis non rerum similique. Enim sequi ducimus delectus aut modi quis. Tempore alias possimus voluptatibus sit et incidunt mollitia labore. Maiores incidunt voluptatem molestias aut repudiandae.',1,0,'1923-03-23 02:40:20'),(22,29,60,'Totam rerum occaecati voluptatem sed ut porro. Eos nulla in qui adipisci sit. Culpa quia in dolor rerum neque non. Non molestiae dicta ex qui qui.',0,1,'1993-01-18 10:02:40'),(23,2,58,'Ut sequi omnis doloremque officiis praesentium itaque. Quia sequi eligendi sit doloremque rem consectetur optio. Eos fuga a aut voluptas. Dolore sunt maiores dolorem harum veniam officia.',0,0,'1939-04-28 14:32:57'),(24,59,29,'Optio qui debitis aspernatur maxime aliquid explicabo dolor. Ipsum nihil error aperiam facilis dolor odit.',0,0,'2015-01-24 10:08:49'),(25,70,18,'Quae aut animi nostrum quia. Voluptas voluptatibus velit aut mollitia dolor iste. Consequuntur aut est error natus molestias delectus.',1,1,'1950-10-28 20:35:00'),(26,40,8,'Saepe ut minima consequatur culpa suscipit quia ea quia. Voluptatem rerum et aut quis rerum. Odit expedita corporis cum neque dolore.',0,1,'1923-03-20 04:40:12'),(27,63,31,'Sed provident sed aut quod nostrum deserunt. Id et unde eos sit ea ut sunt. Et natus accusantium dolor repellendus inventore. Inventore odit ipsum voluptas velit ut natus.',1,0,'1971-05-30 08:25:49'),(28,98,96,'Voluptatem magnam error harum nemo sunt expedita ducimus eveniet. Praesentium asperiores necessitatibus velit debitis fuga. Ea qui dolore facere neque.',0,0,'1978-12-24 08:11:34'),(29,2,27,'Quam eum praesentium odio velit tempore. Impedit sit quasi delectus perspiciatis soluta non. Reprehenderit dignissimos ea molestiae modi aut aliquam.',0,1,'2017-01-31 19:45:52'),(30,100,25,'Et et labore enim libero sunt fugiat itaque. Fugiat veniam doloremque excepturi qui omnis eveniet modi. Perspiciatis unde odio a et aspernatur. Eveniet sed culpa fugit quae voluptas et et. Sed accusamus neque perferendis unde.',1,1,'1975-03-26 09:50:34'),(31,1,46,'Dolores et quia accusamus. Officia deleniti ad expedita tenetur eos. Eum consequatur delectus quos officia aut.',0,1,'1984-11-13 12:30:20'),(32,39,42,'Nostrum corrupti possimus odit qui soluta. Delectus sequi sint quia illum. Aut quia quam blanditiis nemo est est qui. Placeat reprehenderit culpa et quae.',0,0,'1923-10-16 07:03:21'),(33,51,3,'Impedit ut aspernatur laboriosam. Quia magnam et doloribus minus et debitis. Cupiditate ut excepturi voluptatum et amet. Necessitatibus ad itaque aut quod vitae. Hic incidunt delectus sed numquam voluptatem dolores distinctio.',0,0,'2017-07-29 22:27:14'),(34,17,22,'Sint molestiae voluptas beatae ut. Sit sunt at corporis aspernatur quas. Reiciendis officia cupiditate nihil minima molestiae cumque. Facere accusamus officiis occaecati et inventore.',0,1,'2014-01-09 14:48:54'),(35,72,79,'Beatae voluptatem enim aliquam in sed ratione explicabo. Dolores explicabo voluptatem repellat incidunt repudiandae maxime. Omnis quia nostrum in libero enim. Voluptates debitis illo rerum quidem eius dolorem. Atque dignissimos numquam modi magnam ut.',1,0,'1963-06-09 06:25:08'),(36,21,50,'Voluptates rem doloremque culpa sed nulla id. Necessitatibus rem et deleniti sed. Aut vel veritatis corrupti adipisci. Iusto nisi cum ex ipsa.',1,1,'1953-06-14 09:37:38'),(37,71,73,'Ea amet tenetur sit fuga omnis voluptates. Distinctio adipisci aut et deserunt error. Odio in aut dolorem rerum deserunt.',1,1,'2009-01-20 12:56:36'),(38,27,91,'Eaque natus numquam minima eos. Sed incidunt quasi nemo odio ullam veritatis asperiores. Est quis neque voluptas expedita.',0,1,'1998-12-17 02:41:42'),(39,10,18,'Harum dolorem quasi est enim illo. Sint quaerat ipsum nobis. Officiis officiis ullam et eum eius id. Odio mollitia sed sint laborum iure.',0,0,'1945-11-21 15:39:54'),(40,62,61,'Voluptates quaerat et minus perspiciatis alias animi ea. Dolores laudantium quaerat quia natus libero dolorem. Nostrum ipsam id quo distinctio.',0,0,'1951-06-19 12:35:00'),(41,36,52,'Eum dolorum hic omnis quis ab quidem laudantium. Commodi natus debitis provident quae sunt. Ipsam quam est voluptas ducimus similique sed et at. Quam vel soluta eum velit facere doloremque.',0,1,'2012-11-05 18:02:16'),(42,67,86,'Eveniet qui quis maiores dolor. Vero vel necessitatibus illo quisquam aspernatur molestias. Quam eos aperiam deleniti in. Dolores nobis qui blanditiis amet.',0,0,'1978-11-17 10:25:43'),(43,61,17,'Delectus maxime totam sequi qui. Officiis totam aut rem. Quos architecto reiciendis ratione placeat id et dignissimos consequatur. Aliquid ut fuga rerum ut dolorem.',0,0,'1928-03-19 08:54:51'),(44,40,93,'Non et occaecati veritatis non repudiandae repellendus. Aspernatur laborum odio cupiditate laboriosam suscipit nihil magnam. Perspiciatis id autem aliquid excepturi alias quas ea cupiditate. Libero ea perspiciatis et sequi eligendi qui suscipit.',1,1,'1936-02-19 15:17:43'),(45,84,30,'Molestiae debitis ut quasi fugiat aliquid natus. Vitae inventore voluptatum ab voluptatibus. Assumenda eius dignissimos sint dolores nesciunt porro.',0,1,'1994-06-25 23:14:07'),(46,42,74,'Quibusdam repellendus beatae velit qui dolorem. Molestias sit ipsa modi recusandae hic quia. Qui vero ex occaecati qui et est quo veniam.',0,1,'1992-10-05 11:45:36'),(47,77,84,'Dolor quasi cumque nemo corrupti est aliquam ut vel. Omnis est qui cum quibusdam doloribus placeat ut. Explicabo qui cupiditate labore vero. Labore hic eum nihil temporibus hic et molestiae.',0,0,'1996-07-09 14:35:59'),(48,6,28,'Quia iure soluta qui sunt quas debitis. Tempore voluptates laborum facere molestiae magni magni laboriosam quis. Qui aspernatur voluptas non. Consectetur sit incidunt aut alias.',1,1,'2018-02-19 07:20:31'),(49,90,77,'Magni molestiae repellat cum voluptatem. Error in officia quis aspernatur vitae. Impedit eos expedita quaerat blanditiis tempore repellat repudiandae.',0,1,'1976-07-06 23:43:01'),(50,64,5,'Perferendis et at ea enim itaque earum minima. Praesentium consectetur dicta blanditiis optio. Sint voluptatem quasi facilis possimus ratione et.',0,0,'1998-05-04 05:38:16'),(51,68,7,'Nisi pariatur voluptate ad laudantium laudantium deserunt reiciendis. Nisi repellendus et et ut. Reprehenderit qui eum repellat quos nihil consequatur odit.',0,1,'1977-03-29 21:27:33'),(52,50,71,'Hic sit laborum ab velit qui quae distinctio nihil. Ducimus aut in fugiat velit eum. Officia quia omnis laudantium aut commodi. Et autem quo veritatis ullam est voluptas doloremque quae.',0,1,'2003-09-08 12:49:50'),(53,57,6,'Sint reiciendis veniam eum blanditiis sit quo. Et vero neque eveniet a. Architecto ab sunt eius autem voluptatem. Asperiores beatae excepturi asperiores quidem ipsum.',0,0,'2016-08-10 06:46:12'),(54,38,34,'Sed iure praesentium dolorum quasi ut. Nulla nostrum sit dicta neque et molestias at. Ut pariatur alias quasi ad aut.',1,0,'1981-04-21 03:19:09'),(55,39,22,'Et ducimus ex amet omnis velit natus. Cum hic dolores odio ratione occaecati. Nobis officiis consequuntur qui. Pariatur mollitia aliquam voluptas quibusdam modi ullam.',0,1,'2009-07-15 03:52:51'),(56,13,82,'Culpa et et quis ut unde harum. Perspiciatis nesciunt incidunt maiores aliquid. Vitae hic minima nisi et odio laboriosam aut vitae. Eveniet veniam et et consequatur et aut ducimus.',0,1,'1977-06-03 20:18:55'),(57,20,74,'Fuga mollitia modi perspiciatis sed. Impedit odit autem est soluta. Dicta velit expedita hic aut et quibusdam pariatur.',1,0,'1921-07-20 02:16:09'),(58,52,6,'Sunt saepe soluta reprehenderit qui ut. Voluptas repudiandae aut expedita nihil illo. Dolor eos fugiat aut rerum est.',1,1,'2003-08-07 11:04:05'),(59,45,66,'Eum molestias cum enim veritatis nobis dolor. Minima voluptate dignissimos eius velit tenetur in illum in. Reiciendis quod inventore tempora velit quia.',1,0,'1943-12-24 14:09:12'),(60,94,30,'Consequatur cupiditate nemo dolorum quod ex ut et. Distinctio voluptates ut totam pariatur dolore ut. Qui iste nihil autem voluptates. Quo et ut modi in voluptatem laborum.',1,0,'1989-03-24 22:51:23'),(61,99,91,'Quas optio beatae qui facilis odio id ipsa possimus. Sit debitis enim quo occaecati nihil et at. Eius sit non dolore rerum id dicta non reiciendis. Quam nihil porro natus saepe consequuntur.',1,0,'1975-04-13 11:00:41'),(62,94,82,'Tempora quae dolores totam voluptatem consectetur est. Qui reprehenderit dicta est mollitia quia. Odit blanditiis repellat dignissimos saepe sit sit sed. Quae iste officiis non nostrum.',1,0,'1930-05-09 21:05:33'),(63,48,54,'Aut quos repellendus error sit omnis nostrum ea. Et quo ipsum sequi qui. Aliquid repudiandae qui vero est quis. Rem unde consectetur distinctio soluta.',1,0,'1964-05-20 15:51:05'),(64,47,97,'Tenetur molestiae voluptas et laboriosam est modi architecto. Ipsa odio assumenda exercitationem necessitatibus distinctio. Recusandae est veniam autem minima omnis. Et optio labore ab accusantium cum.',0,0,'1972-07-14 21:26:46'),(65,90,3,'Fuga aut sunt deserunt nulla. Modi minima consequuntur nihil dicta voluptatem. Reprehenderit sunt aut soluta ducimus voluptas ipsum quia.',0,1,'1932-10-07 23:47:36'),(66,99,44,'Corporis quia temporibus quidem corrupti dolorum. Rerum labore recusandae omnis repellat est et eos. Nesciunt doloribus autem aliquam eos sed id.',1,1,'2011-10-21 12:58:43'),(67,1,65,'Illum ut quos provident a delectus rerum molestias sapiente. Impedit nulla quo et veritatis. Cumque quibusdam sequi rerum. Atque itaque sint architecto aut ex omnis.',1,0,'1982-08-01 15:56:02'),(68,90,84,'Ipsum aliquam in repellat qui amet quaerat. Dolores illo aut eveniet aut perferendis voluptate. Omnis voluptatem exercitationem earum voluptatum qui maiores. Quam eum placeat odit.',0,0,'1956-09-16 02:21:55'),(69,91,58,'Doloremque ut voluptatem pariatur itaque qui ut. Incidunt veritatis molestiae et quo. Quasi delectus atque corporis totam excepturi voluptatibus. Id omnis et iste ut alias.',1,1,'1956-10-19 08:52:18'),(70,2,51,'Culpa optio aut optio repellendus quibusdam aliquid dignissimos. Tenetur hic numquam quam dicta unde officia voluptas repellendus. Eos similique voluptatum qui et incidunt. Veniam pariatur et nisi eius sed. Sint repellat aut quod modi qui voluptatum et.',0,1,'1921-04-20 23:14:16'),(71,17,57,'Nesciunt quaerat iure expedita illo cumque omnis. Consequatur omnis in voluptates magnam eos eos expedita autem. Beatae ut voluptas et dolorem provident velit unde.',0,0,'2010-08-27 17:54:57'),(72,56,60,'Accusamus suscipit accusamus nemo sequi. Dolorem vel ipsum odit et corrupti sit. Velit repudiandae qui quasi iste velit iste. Voluptatem illum vel voluptate sequi blanditiis numquam.',1,0,'1981-06-21 12:36:51'),(73,26,70,'Et ut quidem minus repellat ad nihil. Quia nulla modi architecto quisquam ut incidunt totam distinctio. Quibusdam dolores odit quas sed nesciunt ipsa.',1,0,'1930-07-23 08:20:42'),(74,97,6,'Aut quisquam sint officiis tempora at. Eaque blanditiis tenetur sint dolorum labore omnis.',0,1,'1962-10-24 20:44:29'),(75,96,20,'Rerum rerum saepe quasi qui et ipsa ducimus. Debitis animi quasi aperiam deleniti architecto sit quia. Cupiditate id quasi quia minima earum repellat ut.',0,0,'2013-02-02 01:35:05'),(76,18,93,'Et ipsum sit expedita asperiores. Provident minima molestiae maxime. Excepturi fugit nisi ut ea ex mollitia molestiae.',1,0,'1933-04-03 20:28:56'),(77,16,4,'In consectetur voluptatibus itaque temporibus veritatis. Non earum reprehenderit libero modi. Dolorem doloremque nisi molestias. Perferendis velit sed aut. Est animi et debitis inventore a voluptas commodi cum.',0,0,'1939-11-28 03:00:38'),(78,13,6,'Iusto atque dicta recusandae. Ut eveniet similique alias ut impedit. Laudantium dolorem nam sed adipisci quibusdam.',1,0,'1987-05-24 11:32:57'),(79,3,21,'Qui quas similique non sequi et. Aut quo nesciunt est quis.',0,1,'2008-05-20 09:21:43'),(80,84,60,'Asperiores aperiam non libero ab corrupti excepturi quod. Porro possimus ut vel et in quo. Eligendi vel qui ut facilis. Tempore dolores temporibus non ut vel.',1,1,'1984-09-13 17:29:40'),(81,60,87,'Sit facere veritatis sit. Illo beatae quam ea vero. Quis nobis possimus voluptatem.',0,1,'1983-07-16 09:52:27'),(82,7,77,'Et omnis quas dolor est impedit. Officiis rerum ut non vel exercitationem accusamus. Quam saepe sunt libero exercitationem tempore ducimus commodi nesciunt.',0,1,'1974-09-27 12:55:42'),(83,27,56,'Et ratione unde ex repellendus aperiam saepe officiis. Dignissimos debitis voluptas necessitatibus. Et voluptates distinctio eum maxime non voluptas sit.',0,1,'1977-03-15 07:37:56'),(84,50,18,'Inventore dolorem consequatur sequi. Quia nihil nostrum molestias voluptate ea cum. Architecto voluptatum impedit fugit minima qui. Praesentium ut minima quia quod eaque qui incidunt labore.',1,1,'1932-06-28 18:35:25'),(85,88,24,'Neque vitae facere deserunt iure temporibus. Et explicabo laborum nostrum ut itaque esse et quasi. Eos recusandae sed et. Est debitis voluptatem aut voluptas aliquid voluptas.',0,0,'1993-12-19 16:58:20'),(86,42,15,'Consequuntur ullam illum reprehenderit doloremque fugiat facilis magni. Quod quo totam rem sit quasi tempore sed. Ullam vel cupiditate occaecati totam. Quia eligendi quia molestiae laboriosam ut dignissimos porro necessitatibus.',0,0,'1949-11-09 23:00:01'),(87,90,51,'Sed maiores ex quae corrupti temporibus at sed. Explicabo in quam laudantium. Eius rem consequatur ut voluptatum at vero cumque.',1,0,'2000-02-11 23:55:11'),(88,92,19,'Voluptatibus ad quam est excepturi et asperiores nisi possimus. Nesciunt nihil voluptates quaerat. Ipsum et similique aut in rerum aliquam tempore.',1,0,'1952-12-03 04:27:33'),(89,68,1,'Soluta dicta possimus velit laudantium error similique tempore. Voluptas culpa cumque dolor. Quasi numquam distinctio sint mollitia est. Incidunt modi sit libero non aut facilis est.',1,0,'1926-09-26 21:54:52'),(90,91,59,'Eos placeat et et eveniet. Deserunt fugiat distinctio sapiente numquam quos non aut est.',1,0,'1985-09-10 17:17:19'),(91,94,95,'Amet dolores quas consequatur minima corrupti id laboriosam. Dolorum voluptatem est dolor voluptatum. Qui commodi perspiciatis magni consectetur quod. Expedita esse sit accusamus tenetur nobis iusto nulla.',0,1,'1955-12-16 03:26:11'),(92,84,81,'Repellat voluptatibus alias magni doloribus rem cumque et. Porro saepe sunt velit occaecati cumque. Libero minima perferendis reiciendis beatae aspernatur.',0,0,'1931-07-13 06:12:34'),(93,50,69,'Eaque aut exercitationem adipisci nam. Aliquid modi expedita ut beatae quo reprehenderit aperiam. Vero dolor vero a velit quia qui.',1,0,'1969-12-10 00:21:00'),(94,5,89,'Sed sed nobis ullam ut error doloremque consequuntur. Porro est cum sit sapiente magni exercitationem corporis et. Fugit optio aperiam dolor sit voluptatem.',0,0,'2004-03-21 05:14:00'),(95,51,52,'Hic aut omnis debitis quia sed incidunt non sunt. Est autem laborum perferendis sapiente at. Porro sit dolorem praesentium ratione corrupti numquam.',0,0,'1960-06-23 21:52:13'),(96,65,80,'Consequatur tenetur ratione quasi tenetur consequatur blanditiis. Id voluptatum non veritatis soluta nihil dolorem. Veniam qui eos autem consequatur velit. Beatae optio nihil dolorem voluptatum ducimus cupiditate.',1,0,'2007-04-24 10:48:06'),(97,9,26,'Quam facere nostrum nulla quis at. Molestiae nihil sit necessitatibus voluptatem sed velit.',1,0,'1965-04-12 21:34:44'),(98,55,63,'Culpa similique et quia quisquam. Illo dolorem et asperiores voluptatem consequatur suscipit magni. Libero quibusdam quibusdam enim modi inventore. Similique beatae vel aut esse quo et repellat.',1,1,'2002-11-17 12:01:10'),(99,46,96,'Est rem aut officia et. Saepe non sed iste fugit aperiam id. Qui libero modi voluptas aut. Corrupti voluptas magni mollitia officia commodi deserunt. Dolore sit tenetur minima molestiae harum.',1,0,'1935-11-24 13:39:07'),(100,90,60,'Est repellendus quasi neque repellat. Non illo consequuntur excepturi soluta quia. Occaecati et commodi aperiam laboriosam omnis est. Vel facilis et autem amet. Beatae harum asperiores quas qui consectetur est.',0,0,'1960-02-10 22:34:23');
/*!40000 ALTER TABLE `messages` ENABLE KEYS */;
UNLOCK TABLES;

--
-- Table structure for table `profiles`
--

DROP TABLE IF EXISTS `profiles`;
/*!40101 SET @saved_cs_client     = @@character_set_client */;
/*!50503 SET character_set_client = utf8mb4 */;
CREATE TABLE `profiles` (
  `user_id` int unsigned NOT NULL COMMENT 'ðíÐüÐïð╗ð║ð░ ð¢ð░ ð┐ð¥ð╗ÐîðÀð¥ð▓ð░ÐéðÁð╗ÐÅ',
  `gender` enum('M','F') COLLATE utf8mb4_unicode_ci DEFAULT NULL,
  `birthday` date DEFAULT NULL COMMENT 'ðöð░Ðéð░ ÐÇð¥ðÂð┤ðÁð¢ð©ÐÅ',
  `city` varchar(130) CHARACTER SET utf8mb4 COLLATE utf8mb4_unicode_ci DEFAULT NULL COMMENT 'ðôð¥ÐÇð¥ð┤ ð┐ÐÇð¥ðÂð©ð▓ð░ð¢ð©ÐÅ',
  `country` varchar(130) CHARACTER SET utf8mb4 COLLATE utf8mb4_unicode_ci DEFAULT NULL COMMENT 'ðíÐéÐÇð░ð¢ð░ ð┐ÐÇð¥ðÂð©ð▓ð░ð¢ð©ÐÅ',
  `last_login` datetime DEFAULT NULL COMMENT 'ðƒð¥Ðüð╗ðÁð┤ð¢ð©ð╣ ð▓Ðàð¥ð┤ ð▓ Ðüð©ÐüÐéðÁð╝Ðâ',
  `created_at` datetime DEFAULT CURRENT_TIMESTAMP COMMENT 'ðÆÐÇðÁð╝ÐÅ Ðüð¥ðÀð┤ð░ð¢ð©ÐÅ ÐüÐéÐÇð¥ð║ð©',
  `updated_at` datetime DEFAULT CURRENT_TIMESTAMP ON UPDATE CURRENT_TIMESTAMP COMMENT 'ðÆÐÇðÁð╝ÐÅ ð¥ð▒ð¢ð¥ð▓ð╗ðÁð¢ð©ÐÅ ÐüÐéÐÇð¥ð║ð©',
  PRIMARY KEY (`user_id`)
) ENGINE=InnoDB DEFAULT CHARSET=utf8mb4 COLLATE=utf8mb4_unicode_ci COMMENT='ðƒÐÇð¥Ðäð©ð╗ð©';
/*!40101 SET character_set_client = @saved_cs_client */;

--
-- Dumping data for table `profiles`
--

LOCK TABLES `profiles` WRITE;
/*!40000 ALTER TABLE `profiles` DISABLE KEYS */;
INSERT INTO `profiles` VALUES (1,'F','1994-03-14','West Guidoshire','United States Virgin Islands','2021-02-06 00:28:50','1967-10-22 22:04:20','2016-08-12 22:33:16'),(2,'F','1990-02-16','Okunevahaven','Malta','2021-02-05 17:51:53','2001-05-14 02:44:50','2016-03-09 11:01:21'),(3,'F','2000-03-13','Lefflerside','Macedonia','2021-01-17 14:32:33','1993-07-23 15:17:32','2016-08-26 13:03:53'),(4,'M','1986-07-07','Cummingsmouth','Angola','2021-01-19 10:28:07','1973-09-23 10:01:32','2019-02-03 19:55:41'),(5,'F','2001-09-02','Port Aracely','Faroe Islands','2021-01-17 02:33:08','1925-11-24 08:43:38','2013-05-13 10:48:16'),(6,'F','1971-12-10','Port Crystelland','Egypt','2021-02-11 19:36:03','2007-12-07 03:28:02','2018-05-22 12:32:09'),(7,'F','2019-12-12','Delphahaven','Guam','2021-01-16 20:17:16','1968-05-24 10:41:54','2018-04-19 11:32:16'),(8,'M','1996-11-18','South Lesley','Gambia','2021-02-11 10:20:41','2016-05-28 06:50:24','2013-11-14 14:21:21'),(9,'M','1978-08-22','New Emily','Equatorial Guinea','2021-02-12 07:03:21','1939-01-10 17:51:51','2020-05-31 09:05:51'),(10,'M','1999-07-02','Lake Madelynnmouth','South Georgia and the South Sandwich Islands','2021-02-10 00:15:40','1957-04-23 09:30:55','2013-01-29 13:52:31'),(11,'M','1990-05-10','East Carmine','Liberia','2021-01-25 14:24:31','1986-05-12 04:40:19','2020-12-28 07:08:19'),(12,'M','1995-03-14','Lake George','Georgia','2021-02-15 11:18:10','1990-06-17 06:18:11','2012-08-14 23:42:57'),(13,'M','2000-04-28','New Fredymouth','Georgia','2021-02-02 00:36:31','1983-12-06 01:35:06','2012-09-07 01:22:47'),(14,'F','1973-10-25','Tiffanyville','Azerbaijan','2021-01-27 12:31:14','1969-05-01 08:00:52','2013-01-27 06:26:32'),(15,'M','1982-12-11','Fadelburgh','San Marino','2021-02-14 04:29:51','1945-12-07 01:39:11','2020-01-09 22:06:43'),(16,'M','2012-01-16','Friedrichview','Bolivia','2021-02-11 15:16:03','2007-04-16 10:55:40','2017-08-19 21:45:44'),(17,'F','1997-04-01','Cronaborough','Kenya','2021-01-20 11:16:02','1956-09-09 17:27:53','2020-02-03 23:57:20'),(18,'F','2017-01-26','Kosstown','Tonga','2021-02-03 12:00:16','1937-11-04 15:36:02','2020-09-08 02:14:53'),(19,'F','1973-04-18','South Isobelchester','Estonia','2021-01-28 05:20:13','2010-09-11 06:09:08','2014-06-21 11:42:26'),(20,'M','2006-07-27','Rowechester','Sao Tome and Principe','2021-02-11 22:59:17','1947-03-05 00:12:47','2019-08-20 07:39:57'),(21,'M','2016-12-30','North Micheleville','Equatorial Guinea','2021-02-09 06:27:25','1994-12-11 02:35:37','2017-03-10 22:32:31'),(22,'M','2012-09-13','New Jaquelintown','French Southern Territories','2021-02-01 03:25:55','1948-12-21 16:24:30','2014-09-30 01:09:41'),(23,'M','2013-12-17','Kundefurt','Uganda','2021-02-07 13:26:50','1979-07-14 09:34:17','2015-01-10 13:53:36'),(24,'F','2014-12-24','Boyerfort','Vanuatu','2021-01-31 08:17:34','2018-02-26 05:08:55','2013-05-13 13:27:47'),(25,'M','1995-05-23','Addiestad','Brunei Darussalam','2021-02-08 02:13:37','1993-02-08 04:32:58','2018-04-10 01:10:35'),(26,'M','1980-06-02','West Mckayla','Kazakhstan','2021-01-29 08:15:29','2001-05-05 03:06:02','2013-06-04 16:06:14'),(27,'F','1975-06-14','Lillianafort','Congo','2021-02-09 01:43:46','1968-04-27 12:38:47','2016-03-25 01:15:02'),(28,'M','2010-06-26','Kaydenview','Peru','2021-01-29 03:49:47','1942-05-26 16:24:08','2014-12-19 20:30:43'),(29,'M','1976-10-19','Legrosfort','Germany','2021-01-27 15:13:47','2012-01-15 00:17:58','2019-06-13 01:10:12'),(30,'F','1994-03-28','Port Madalynstad','Oman','2021-01-18 08:20:04','1944-01-09 14:57:00','2014-01-30 00:35:16'),(31,'F','2002-06-15','Blickchester','Jamaica','2021-01-29 06:38:27','1929-05-10 15:08:46','2018-11-15 02:18:10'),(32,'M','1981-03-30','Gerlachberg','Lithuania','2021-02-03 11:26:44','1954-11-29 14:30:08','2012-10-30 22:01:40'),(33,'F','1998-11-13','Fritschchester','Northern Mariana Islands','2021-01-26 16:10:52','1989-07-21 09:37:19','2018-04-07 09:59:36'),(34,'M','1981-09-19','West Shanon','Sao Tome and Principe','2021-01-29 22:31:01','1958-10-08 09:35:22','2014-01-16 03:19:55'),(35,'M','1997-06-18','Creminmouth','Uzbekistan','2021-02-04 08:43:52','1986-10-08 19:53:12','2020-10-12 01:21:54'),(36,'M','2000-11-06','Carolinamouth','Iraq','2021-02-11 07:13:00','1961-01-26 11:25:40','2019-09-27 23:59:40'),(37,'M','2006-09-22','Littlemouth','Antigua and Barbuda','2021-01-26 17:07:51','2020-12-16 17:11:44','2020-12-22 06:38:01'),(38,'F','1976-09-13','Kennedyland','Saint Lucia','2021-01-25 03:50:20','1998-08-10 08:45:04','2013-05-24 02:22:04'),(39,'M','1974-05-01','Mckaylafort','Pitcairn Islands','2021-01-29 01:31:37','1937-04-08 08:11:27','2016-12-13 02:05:56'),(40,'M','1999-11-23','North Melvinmouth','Thailand','2021-01-25 14:36:19','1954-03-19 13:37:11','2016-07-02 08:13:01'),(41,'M','2017-03-08','Annaliseshire','Romania','2021-01-20 14:02:23','1928-03-22 16:18:35','2019-04-21 04:17:23'),(42,'F','2006-10-01','Jamaalshire','Oman','2021-01-30 03:12:53','1994-03-23 14:20:54','2019-10-27 02:21:43'),(43,'F','2012-06-06','Lake Eltamouth','Grenada','2021-02-15 08:18:41','1976-05-21 01:58:39','2018-02-22 18:40:53'),(44,'F','1990-07-13','North Erickastad','Sao Tome and Principe','2021-01-31 21:39:23','1952-07-13 21:25:19','2014-08-21 09:28:43'),(45,'F','2018-07-09','Elliottfort','Niger','2021-02-13 05:08:48','1946-07-31 01:05:13','2012-04-09 21:43:11'),(46,'M','1993-10-02','Kshlerinfurt','Trinidad and Tobago','2021-02-02 20:00:46','1989-09-05 14:55:42','2012-01-06 23:55:40'),(47,'F','2007-05-14','Port Alekstad','United Kingdom','2021-02-05 12:10:16','1945-04-21 10:04:48','2020-03-11 01:20:39'),(48,'F','1974-05-15','Port Bartholomehaven','Switzerland','2021-02-12 21:06:05','2001-12-30 10:07:47','2018-10-12 02:24:48'),(49,'M','2005-12-12','East Kaelaburgh','Bulgaria','2021-02-03 16:00:51','2004-07-27 11:51:30','2020-05-08 22:52:45'),(50,'M','2013-06-03','West Broderickfurt','Bermuda','2021-02-04 04:31:31','1975-11-01 00:22:57','2017-07-15 01:46:37'),(51,'F','1993-04-18','Alycemouth','Ethiopia','2021-02-15 13:32:13','1947-02-11 11:57:08','2011-02-19 05:13:21'),(52,'M','1995-01-22','Dorthybury','Kyrgyz Republic','2021-01-17 01:04:42','1977-05-16 09:02:13','2016-09-03 02:19:24'),(53,'M','1981-10-26','Kossfort','Cape Verde','2021-02-07 02:59:37','1945-08-27 12:59:55','2017-08-24 16:15:40'),(54,'F','1977-10-04','North Jack','Spain','2021-02-05 14:46:03','1985-05-19 07:59:05','2015-10-03 12:03:07'),(55,'F','1990-12-13','New Cesarside','United Kingdom','2021-01-18 21:39:34','1963-11-05 18:34:34','2019-12-21 23:37:55'),(56,'F','1984-02-11','South Orieview','Nigeria','2021-02-06 09:12:14','2011-04-15 09:53:44','2016-11-04 18:58:32'),(57,'F','1987-08-05','Ladariusview','Nicaragua','2021-01-29 02:32:27','1951-09-24 19:02:35','2013-01-10 06:19:55'),(58,'F','1987-02-07','Tinaville','Senegal','2021-01-27 23:53:58','1940-12-31 18:51:09','2013-05-07 13:21:10'),(59,'F','1991-02-17','West Ferminside','Latvia','2021-01-18 06:28:54','2004-10-19 10:05:18','2014-06-21 10:42:12'),(60,'F','1981-10-16','Jaystad','Spain','2021-02-12 14:52:59','1998-07-08 23:21:33','2011-06-25 18:15:28'),(61,'M','1994-11-22','East Craig','Slovakia (Slovak Republic)','2021-01-24 23:36:37','1938-03-27 12:27:19','2016-05-28 22:44:43'),(62,'F','2001-12-13','Creminville','Venezuela','2021-01-28 03:20:31','2013-03-10 01:24:50','2011-07-02 00:07:45'),(63,'F','2019-09-16','South Liachester','San Marino','2021-01-31 06:10:57','1988-09-05 19:26:43','2019-02-19 15:44:24'),(64,'F','2007-04-28','Maybelleberg','Saint Pierre and Miquelon','2021-02-02 15:41:47','1932-06-05 19:26:21','2019-10-17 04:53:03'),(65,'F','1979-05-23','Larissaton','Argentina','2021-01-28 11:26:25','1962-11-08 09:05:53','2015-03-08 11:33:36'),(66,'F','1973-10-18','North Darronburgh','Greenland','2021-01-27 14:09:14','1951-07-23 03:02:30','2016-09-13 21:41:56'),(67,'M','1984-12-05','Thompsonland','Nicaragua','2021-01-24 10:54:03','2016-05-05 22:41:03','2015-11-03 23:33:11'),(68,'F','1988-07-07','Rathmouth','Honduras','2021-01-28 18:51:31','1957-08-28 13:37:17','2012-10-19 10:21:50'),(69,'F','2018-03-26','Leonelview','Antarctica (the territory South of 60 deg S)','2021-02-06 18:55:04','2009-01-17 15:24:42','2017-05-01 07:42:50'),(70,'M','1991-06-25','Kareembury','France','2021-02-08 09:27:55','1986-07-27 21:57:30','2018-05-24 03:31:38'),(71,'F','2005-02-07','Janelleburgh','Estonia','2021-01-26 21:42:38','1960-06-27 02:32:46','2017-06-07 02:33:11'),(72,'M','1978-02-27','New Aimeeborough','Zimbabwe','2021-02-15 17:43:22','1947-06-20 14:35:54','2015-12-11 15:41:03'),(73,'M','1979-04-16','Port Leif','Kuwait','2021-01-31 12:43:19','2014-06-16 15:13:09','2013-05-01 04:37:06'),(74,'F','1970-05-08','Mantestad','Maldives','2021-01-21 23:20:06','1925-05-28 03:39:23','2020-11-17 17:48:06'),(75,'F','2019-05-30','Lake Zoratown','Sri Lanka','2021-02-08 12:25:08','1960-08-23 23:38:21','2019-06-03 00:59:58'),(76,'F','1973-05-19','Smithamton','Kuwait','2021-02-04 00:58:15','1941-01-21 19:41:04','2012-03-17 17:07:35'),(77,'F','1996-10-16','Joycetown','Italy','2021-02-10 10:47:42','1932-04-23 06:28:38','2011-03-02 07:40:15'),(78,'F','1974-11-26','West Candace','United States of America','2021-02-13 03:20:35','2002-04-27 03:12:30','2019-07-29 14:41:36'),(79,'F','2016-05-08','Hoegerside','Kazakhstan','2021-01-26 03:41:25','2001-06-13 01:53:06','2020-12-02 11:11:02'),(80,'F','2009-12-27','Boyleport','Czech Republic','2021-02-11 05:39:49','1955-06-20 00:50:09','2016-09-28 21:07:10'),(81,'M','1999-09-29','Diamondstad','Sao Tome and Principe','2021-02-14 19:05:42','2009-02-07 03:29:00','2012-01-17 20:36:56'),(82,'F','2008-11-29','Aliyatown','Micronesia','2021-02-01 13:13:22','1973-11-19 20:06:25','2012-08-24 23:27:14'),(83,'F','1987-06-14','Idellport','Poland','2021-01-19 21:06:01','1973-06-04 08:43:59','2020-02-23 18:05:47'),(84,'M','1986-07-21','Jeromystad','Austria','2021-01-16 09:22:24','1976-01-07 17:45:12','2012-07-27 14:59:03'),(85,'M','2000-12-12','Lake Corineport','Vanuatu','2021-01-17 13:24:01','2004-07-09 20:23:20','2018-01-04 07:20:47'),(86,'M','2012-04-01','Port Darryl','Spain','2021-02-15 14:03:08','1960-04-26 10:56:37','2021-01-01 00:36:26'),(87,'M','1972-08-17','New Emmanuel','Venezuela','2021-02-04 01:55:56','1972-10-17 23:01:59','2012-10-16 00:06:09'),(88,'F','2002-09-23','Ebertburgh','Switzerland','2021-02-14 01:02:40','1964-09-17 14:03:59','2012-04-06 00:17:30'),(89,'M','1971-03-28','Cristport','Kiribati','2021-02-14 02:07:23','1932-09-19 17:39:08','2017-12-16 17:49:28'),(90,'F','2007-02-12','Port Zacharyview','Mexico','2021-01-30 06:06:05','1998-08-09 08:01:53','2011-08-16 06:19:29'),(91,'F','1971-10-06','Schinnermouth','Uruguay','2021-01-22 17:38:42','1993-08-09 07:26:38','2018-09-20 00:37:27'),(92,'F','1979-05-04','Klockoborough','Tokelau','2021-02-12 16:54:48','2001-12-24 09:45:30','2020-01-30 16:41:18'),(93,'M','1970-08-26','Port Dejonton','Azerbaijan','2021-02-15 11:00:16','1925-03-17 00:22:04','2015-12-28 11:58:56'),(94,'F','1970-07-22','Andreannebury','United Kingdom','2021-01-23 02:08:00','1981-02-28 05:13:41','2018-01-22 02:54:08'),(95,'F','2016-08-30','Creolaton','Falkland Islands (Malvinas)','2021-02-04 04:29:51','2014-05-15 18:55:19','2011-09-20 01:15:56'),(96,'F','1978-08-02','North Raina','Colombia','2021-01-18 09:42:33','1923-05-01 01:32:27','2019-04-27 19:40:57'),(97,'M','1999-08-21','South Margot','United States Virgin Islands','2021-01-24 01:12:47','1985-05-15 09:01:27','2015-01-31 21:02:22'),(98,'M','1985-06-09','Lake Kameronchester','Saint Lucia','2021-01-30 17:29:41','1963-03-21 07:00:01','2019-03-21 21:09:36'),(99,'F','2015-01-01','Reillyside','Pakistan','2021-02-15 00:30:39','1927-06-03 18:47:33','2018-08-13 16:04:55'),(100,'M','1981-10-12','Port Brendon','Cape Verde','2021-01-25 06:38:39','2011-11-30 16:13:33','2015-06-04 19:33:28');
/*!40000 ALTER TABLE `profiles` ENABLE KEYS */;
UNLOCK TABLES;

--
-- Table structure for table `users`
--

DROP TABLE IF EXISTS `users`;
/*!40101 SET @saved_cs_client     = @@character_set_client */;
/*!50503 SET character_set_client = utf8mb4 */;
CREATE TABLE `users` (
  `id` int unsigned NOT NULL AUTO_INCREMENT COMMENT 'ðÿð┤ðÁð¢Ðéð©Ðäð©ð║ð░Ðéð¥ÐÇ ÐüÐéÐÇð¥ð║ð©',
  `first_name` varchar(100) CHARACTER SET utf8mb4 COLLATE utf8mb4_unicode_ci NOT NULL COMMENT 'ðÿð╝ÐÅ ð┐ð¥ð╗ÐîðÀð¥ð▓ð░ÐéðÁð╗ÐÅ',
  `last_name` varchar(100) CHARACTER SET utf8mb4 COLLATE utf8mb4_unicode_ci NOT NULL COMMENT 'ðñð░ð╝ð©ð╗ð©ÐÅ ð┐ð¥ð╗ÐîðÀð¥ð▓ð░ÐéðÁð╗ÐÅ',
  `email` varchar(100) CHARACTER SET utf8mb4 COLLATE utf8mb4_unicode_ci NOT NULL COMMENT 'ðƒð¥ÐçÐéð░',
  `phone` varchar(100) CHARACTER SET utf8mb4 COLLATE utf8mb4_unicode_ci NOT NULL COMMENT 'ðóðÁð╗ðÁÐäð¥ð¢',
  `created_at` datetime DEFAULT CURRENT_TIMESTAMP COMMENT 'ðÆÐÇðÁð╝ÐÅ Ðüð¥ðÀð┤ð░ð¢ð©ÐÅ ÐüÐéÐÇð¥ð║ð©',
  `updated_at` datetime DEFAULT CURRENT_TIMESTAMP ON UPDATE CURRENT_TIMESTAMP COMMENT 'ðÆÐÇðÁð╝ÐÅ ð¥ð▒ð¢ð¥ð▓ð╗ðÁð¢ð©ÐÅ ÐüÐéÐÇð¥ð║ð©',
  `username` varchar(30) COLLATE utf8mb4_unicode_ci NOT NULL COMMENT 'Имя пользователя',
  PRIMARY KEY (`id`),
  UNIQUE KEY `email` (`email`),
  UNIQUE KEY `phone` (`phone`)
) ENGINE=InnoDB AUTO_INCREMENT=101 DEFAULT CHARSET=utf8mb4 COLLATE=utf8mb4_unicode_ci COMMENT='ðƒð¥ð╗ÐîðÀð¥ð▓ð░ÐéðÁð╗ð©';
/*!40101 SET character_set_client = @saved_cs_client */;

--
-- Dumping data for table `users`
--

LOCK TABLES `users` WRITE;
/*!40000 ALTER TABLE `users` DISABLE KEYS */;
INSERT INTO `users` VALUES (1,'Cletus','Schamberger','emery.heathcote@example.net','115-465-8396','2016-03-05 16:57:49','2021-02-16 11:53:27','schamberger'),(2,'Julian','Douglas','lacy84@example.org','599-896-7882x7694','2012-01-19 19:33:59','2021-02-16 11:53:27','douglas'),(3,'Skye','Heathcote','dreynolds@example.org','(596)082-1044x436','2013-12-13 01:57:21','2021-02-16 11:53:27','heathcote'),(4,'Angelina','Kohler','wunsch.vernice@example.net','943-612-6833x6336','2016-01-06 06:47:07','2021-02-16 11:53:27','kohler'),(5,'Alberto','Deckow','mstreich@example.org','03671464054','2013-10-15 16:44:27','2021-02-16 11:53:27','deckow'),(6,'Davion','Funk','alysa37@example.com','1-190-695-7832','2019-04-18 22:31:09','2021-02-16 11:53:27','funk'),(7,'Quincy','Ruecker','ewunsch@example.com','+20(1)9589805876','2017-06-17 05:23:22','2021-02-16 11:53:27','ruecker'),(8,'Eldon','O\'Kon','dena57@example.net','(497)772-3546x40723','2021-02-15 16:29:22','2021-02-16 11:53:27','o\'kon'),(9,'Sydney','Lindgren','helga.heller@example.com','481-010-2107x783','2013-03-25 01:51:19','2021-02-16 11:53:27','lindgren'),(10,'Melissa','Hackett','simonis.newell@example.net','(347)506-4793x0487','2015-05-18 01:49:33','2021-02-16 11:53:27','hackett'),(11,'Malvina','Schultz','john.hermann@example.net','(110)592-2757x1129','2016-07-04 12:47:24','2021-02-16 11:53:27','schultz'),(12,'Alfred','Becker','heaney.tobin@example.net','1-355-147-6687','2019-01-24 13:05:11','2021-02-16 11:53:27','becker'),(13,'Brock','Schowalter','marjolaine76@example.com','(221)998-1426','2013-02-17 08:48:11','2021-02-16 11:53:27','schowalter'),(14,'Merlin','Schuster','ethyl.wolff@example.com','1-769-960-5735x0382','2017-01-19 22:01:54','2021-02-16 11:53:27','schuster'),(15,'Ahmed','Walker','hgutmann@example.org','1-481-146-0055','2019-09-15 00:24:14','2021-02-16 11:53:27','walker'),(16,'Gloria','Rice','lschmitt@example.net','856-535-4471x3857','2017-08-05 13:59:53','2021-02-16 11:53:27','rice'),(17,'Bonnie','Donnelly','annie.hansen@example.net','(450)022-4481x609','2011-05-14 08:20:35','2021-02-16 11:53:27','donnelly'),(18,'Skye','Becker','ymarquardt@example.org','1-888-143-8144','2018-02-15 15:22:29','2021-02-16 11:53:27','becker'),(19,'Dessie','Hoppe','ernestina30@example.org','(910)502-2958x930','2012-05-15 22:26:47','2021-02-16 11:53:27','hoppe'),(20,'Esteban','McClure','hauck.emery@example.net','1-557-587-7781x15512','2018-06-29 04:42:08','2021-02-16 11:53:27','mcclure'),(21,'Itzel','Reichert','braun.filiberto@example.net','1-890-333-5783x31301','2012-09-15 18:49:58','2021-02-16 11:53:27','reichert'),(22,'Garfield','Prosacco','daniel.breana@example.com','03065149052','2018-09-27 03:01:29','2021-02-16 11:53:27','prosacco'),(23,'Jerel','Moore','amina97@example.net','178-703-3875','2012-12-30 07:45:13','2021-02-16 11:53:27','moore'),(24,'Caroline','Konopelski','botsford.cielo@example.org','760-112-0719x0016','2020-02-24 15:20:14','2021-02-16 11:53:27','konopelski'),(25,'Reba','Bergstrom','harvey35@example.net','(696)868-0426x370','2017-03-05 03:57:23','2021-02-16 11:53:27','bergstrom'),(26,'Stanton','Franecki','frutherford@example.com','559.087.7563x97563','2011-12-20 04:52:58','2021-02-16 11:53:27','franecki'),(27,'Reinhold','Leffler','stamm.lincoln@example.org','952-796-8331','2017-03-28 09:56:30','2021-02-16 11:53:27','leffler'),(28,'Jaron','Nienow','dennis88@example.net','1-466-285-3745x214','2019-07-28 13:07:26','2021-02-16 11:53:27','nienow'),(29,'Natalia','Ritchie','jeramie82@example.org','305.627.1100x6086','2020-08-17 23:48:46','2021-02-16 11:53:27','ritchie'),(30,'Lucas','Satterfield','collier.alejandrin@example.com','068-656-7127','2019-05-09 02:32:47','2021-02-16 11:53:27','satterfield'),(31,'Abelardo','Blick','nathanial07@example.com','526-352-1367x05026','2014-05-30 10:52:16','2021-02-16 11:53:27','blick'),(32,'Delbert','Spinka','rodolfo74@example.com','898-359-5279x751','2016-12-10 23:56:25','2021-02-16 11:53:27','spinka'),(33,'Tatyana','Cassin','rath.keeley@example.com','(531)927-9225','2015-12-03 07:11:20','2021-02-16 11:53:27','cassin'),(34,'Lauretta','Crist','kathlyn14@example.net','1-845-698-2214','2013-11-18 19:00:18','2021-02-16 11:53:27','crist'),(35,'Christina','Schamberger','mccullough.derek@example.org','(055)571-0570','2019-08-15 19:03:13','2021-02-16 11:53:27','schamberger'),(36,'Hermina','Brown','vbeatty@example.com','349-511-3977x06509','2012-06-27 09:17:12','2021-02-16 11:53:27','brown'),(37,'Gertrude','Harvey','dbotsford@example.org','986.064.6397','2012-09-25 11:43:59','2021-02-16 11:53:27','harvey'),(38,'Kaleigh','Swaniawski','ernestine84@example.net','1-532-626-6126','2011-11-02 10:57:54','2021-02-16 11:53:27','swaniawski'),(39,'Mae','White','holden.rowe@example.com','03709915938','2020-05-24 16:01:21','2021-02-16 11:53:27','white'),(40,'Elwin','Ankunding','frenner@example.com','(878)176-8708x549','2012-12-02 17:49:35','2021-02-16 11:53:27','ankunding'),(41,'Vinnie','Stamm','herman.lennie@example.com','(169)165-9768','2012-05-23 00:30:54','2021-02-16 11:53:27','stamm'),(42,'Jason','Kshlerin','christiana30@example.org','+45(4)8268023311','2019-06-24 22:15:29','2021-02-16 11:53:27','kshlerin'),(43,'Oswald','Hilpert','homenick.autumn@example.com','1-119-874-5997','2017-01-22 11:25:59','2021-02-16 11:53:27','hilpert'),(44,'Kaitlin','Volkman','lebsack.derek@example.org','01457416774','2019-06-18 20:51:15','2021-02-16 11:53:27','volkman'),(45,'Vergie','Heaney','greyson.hickle@example.com','1-710-228-7826x78731','2013-03-27 14:52:46','2021-02-16 11:53:27','heaney'),(46,'Lelia','Schumm','kshlerin.khalil@example.com','1-647-745-2555x78289','2015-02-15 17:44:08','2021-02-16 11:53:27','schumm'),(47,'Neoma','Hane','kaleigh05@example.com','(242)997-4770','2016-02-18 16:07:09','2021-02-16 11:53:27','hane'),(48,'Hilton','Toy','arvilla.abernathy@example.org','149-827-8874','2019-10-13 06:42:46','2021-02-16 11:53:27','toy'),(49,'Tyshawn','Koepp','bella22@example.net','+54(4)1603942608','2018-01-12 18:59:30','2021-02-16 11:53:27','koepp'),(50,'Christian','Haag','eichmann.timmothy@example.com','666-410-1050x49505','2018-06-27 19:03:44','2021-02-16 11:53:27','haag'),(51,'Colleen','Corwin','ebert.gregory@example.org','1-315-198-2822','2017-10-03 16:22:41','2021-02-16 11:53:27','corwin'),(52,'Kaden','Hackett','isenger@example.net','690.748.9596x14005','2016-09-22 05:27:34','2021-02-16 11:53:27','hackett'),(53,'Maryam','Dickens','plindgren@example.org','(001)932-5167','2015-12-20 09:33:14','2021-02-16 11:53:27','dickens'),(54,'Laura','Dicki','deon30@example.net','1-652-180-2841','2019-02-28 18:52:19','2021-02-16 11:53:27','dicki'),(55,'Sydney','Goldner','haag.ricky@example.com','706-956-4148x18087','2021-01-20 17:16:35','2021-02-16 11:53:27','goldner'),(56,'Claire','Olson','demond.kuphal@example.org','159.009.3677x0796','2012-03-15 08:50:03','2021-02-16 11:53:27','olson'),(57,'Wava','Gerhold','jboehm@example.org','1-492-193-0240','2020-02-12 06:06:07','2021-02-16 11:53:27','gerhold'),(58,'Alvah','Franecki','torphy.destany@example.org','289-569-6653x207','2019-09-06 07:16:12','2021-02-16 11:53:27','franecki'),(59,'Tanner','Runolfsson','reinger.katlyn@example.org','787.816.0803','2015-11-15 04:26:36','2021-02-16 11:53:27','runolfsson'),(60,'Brooke','Collier','prohaska.olaf@example.org','512-994-7491x968','2016-09-22 01:38:10','2021-02-16 11:53:27','collier'),(61,'Sibyl','Dooley','cnolan@example.com','06844440320','2020-09-30 05:40:28','2021-02-16 11:53:27','dooley'),(62,'Karina','Hirthe','wilfrid67@example.net','016-134-1056x697','2018-06-16 11:09:54','2021-02-16 11:53:27','hirthe'),(63,'Elise','Schowalter','dschuster@example.org','556-525-8162x01050','2017-10-30 10:34:01','2021-02-16 11:53:27','schowalter'),(64,'Rodrick','Heaney','hattie34@example.com','658-940-5082x89478','2016-04-05 11:06:29','2021-02-16 11:53:27','heaney'),(65,'Finn','Heathcote','libbie.nikolaus@example.com','1-255-833-3408','2014-12-19 08:47:44','2021-02-16 11:53:27','heathcote'),(66,'Brock','Stark','stephan14@example.com','00740503341','2020-03-28 05:57:33','2021-02-16 11:53:27','stark'),(67,'Eloise','Lesch','freddy65@example.org','(588)667-7227','2019-05-22 01:51:59','2021-02-16 11:53:27','lesch'),(68,'Danielle','Greenholt','kbotsford@example.com','018.542.4553x58780','2014-09-04 08:45:43','2021-02-16 11:53:27','greenholt'),(69,'Kaley','Strosin','tara.kirlin@example.net','565.608.5959','2017-01-20 22:33:09','2021-02-16 11:53:27','strosin'),(70,'Creola','Turcotte','dwaters@example.net','567-810-7351x18856','2012-09-18 18:02:51','2021-02-16 11:53:27','turcotte'),(71,'Noelia','Parisian','vincent.walter@example.org','662.333.0439x7317','2012-07-05 20:47:13','2021-02-16 11:53:27','parisian'),(72,'Jaeden','Funk','terry.drew@example.org','1-758-682-9610','2016-04-03 09:23:58','2021-02-16 11:53:27','funk'),(73,'Juvenal','Swaniawski','gharris@example.com','940.174.0103','2011-07-17 08:39:32','2021-02-16 11:53:27','swaniawski'),(74,'Anabelle','Bednar','christiansen.collin@example.org','1-321-959-2737x6570','2018-10-28 03:00:25','2021-02-16 11:53:27','bednar'),(75,'Nicholaus','Lemke','eugenia68@example.org','(449)584-5762x125','2019-03-15 21:34:21','2021-02-16 11:53:27','lemke'),(76,'Claud','Buckridge','ykuhn@example.net','173-804-3990','2021-01-30 01:31:57','2021-02-16 11:53:27','buckridge'),(77,'Deshawn','Corwin','sydney81@example.org','(779)668-3758','2015-06-01 22:29:21','2021-02-16 11:53:27','corwin'),(78,'Taryn','Ward','kaylee30@example.net','449.825.3730x42526','2015-09-23 13:48:15','2021-02-16 11:53:27','ward'),(79,'Abdiel','O\'Connell','dtowne@example.net','584-188-9364','2015-02-07 22:46:06','2021-02-16 11:53:27','o\'connell'),(80,'Antone','Wintheiser','casper.joanny@example.net','310-454-6974','2011-03-19 07:32:49','2021-02-16 11:53:27','wintheiser'),(81,'Izaiah','Predovic','marvin.ceasar@example.com','(553)593-8921','2019-01-26 19:24:09','2021-02-16 11:53:27','predovic'),(82,'Milan','Ferry','delta35@example.com','+16(0)9986709538','2019-04-30 11:51:33','2021-02-16 11:53:27','ferry'),(83,'Garfield','Kutch','tsanford@example.com','1-342-840-3353x94799','2020-11-06 14:37:21','2021-02-16 11:53:27','kutch'),(84,'Abdullah','Schmeler','misael.aufderhar@example.com','(188)956-2267x545','2013-04-11 04:28:26','2021-02-16 11:53:27','schmeler'),(85,'Shaniya','Little','wolff.sallie@example.net','1-023-574-4424','2012-05-04 14:44:04','2021-02-16 11:53:27','little'),(86,'Reinhold','Herman','clemens74@example.org','973-747-9686','2015-08-01 11:09:32','2021-02-16 11:53:27','herman'),(87,'Dortha','Bernhard','lavern60@example.org','652-314-3318x7370','2011-09-16 01:57:14','2021-02-16 11:53:27','bernhard'),(88,'Vivien','Monahan','schinner.miller@example.com','09678971659','2020-04-17 21:38:25','2021-02-16 11:53:27','monahan'),(89,'Ramona','Nolan','vesta16@example.net','(352)936-4727x58540','2012-02-25 07:05:11','2021-02-16 11:53:27','nolan'),(90,'Casey','Lebsack','bella.wyman@example.org','741-826-4320x60704','2018-03-15 18:59:55','2021-02-16 11:53:27','lebsack'),(91,'Clemmie','Abbott','belle25@example.org','833.837.8085x80998','2013-05-06 10:28:23','2021-02-16 11:53:27','abbott'),(92,'Madyson','Christiansen','becker.marina@example.org','(897)367-7694','2015-11-01 16:07:39','2021-02-16 11:53:27','christiansen'),(93,'Tianna','Lockman','maximus58@example.net','859.519.3022x65505','2018-11-30 07:24:09','2021-02-16 11:53:27','lockman'),(94,'Braxton','Romaguera','edwardo84@example.com','048.313.9426x937','2011-12-07 06:06:44','2021-02-16 11:53:27','romaguera'),(95,'Walker','Schamberger','tlarson@example.com','517.697.6685','2013-11-17 00:14:43','2021-02-16 11:53:27','schamberger'),(96,'Demetrius','Langworth','ettie96@example.com','1-207-488-6313x744','2019-01-15 01:42:36','2021-02-16 11:53:27','langworth'),(97,'Dawson','Considine','clarabelle54@example.com','1-534-036-9360x75605','2012-04-29 18:41:54','2021-02-16 11:53:27','considine'),(98,'Karine','Bartoletti','heller.demario@example.org','1-976-940-4923','2014-08-10 06:49:06','2021-02-16 11:53:27','bartoletti'),(99,'Abbigail','Armstrong','hackett.carole@example.com','030.158.0781x9216','2016-08-05 16:06:40','2021-02-16 11:53:27','armstrong'),(100,'Violet','Davis','juvenal15@example.com','982.499.9798','2012-04-08 18:31:22','2021-02-16 11:53:27','davis');
/*!40000 ALTER TABLE `users` ENABLE KEYS */;
UNLOCK TABLES;
/*!40103 SET TIME_ZONE=@OLD_TIME_ZONE */;

/*!40101 SET SQL_MODE=@OLD_SQL_MODE */;
/*!40014 SET FOREIGN_KEY_CHECKS=@OLD_FOREIGN_KEY_CHECKS */;
/*!40014 SET UNIQUE_CHECKS=@OLD_UNIQUE_CHECKS */;
/*!40101 SET CHARACTER_SET_CLIENT=@OLD_CHARACTER_SET_CLIENT */;
/*!40101 SET CHARACTER_SET_RESULTS=@OLD_CHARACTER_SET_RESULTS */;
/*!40101 SET COLLATION_CONNECTION=@OLD_COLLATION_CONNECTION */;
/*!40111 SET SQL_NOTES=@OLD_SQL_NOTES */;

-- Dump completed on 2021-02-16 18:08:11
